"Protein","tstat_source","tstat_target","pval_source","pval_target","flag_source","flag_target","source_target_agreement"
"RS30_HUMAN",0.256030815174015,1.60747295115084,0.798074951110283,0.111765666074296,0,0,1
"EIF3I_HUMAN",1.43852527275221,-0.100737877840112,0.151169390617218,0.919958333822585,0,0,1
"RL24_HUMAN",1.23279893160757,-0.115121859379402,0.218464370537852,0.908581310288721,0,0,1
"ARPC2_HUMAN",-0.672683639745771,-1.83572810631824,0.501592439473417,0.0691951003250268,0,0,1
"RUVB1_HUMAN",1.34451175662141,3.10419880430257,0.179642085058549,0.00244817137612191,0,1,0
"TEBP_HUMAN",-2.29576195181091,0.964054365790871,0.0222741990919828,0.337319243476427,-1,0,0
"PPGB_HUMAN",-3.34233988821176,3.5083049098356,0.000918955444466808,0.000612477559215268,-1,1,0
"KPYM_HUMAN",-0.562870621149706,0.846124013933009,0.573878313120334,0.39943232171925,0,0,1
"PRDX5_HUMAN",-1.70496906775368,1.42672324860887,0.0890739589872498,0.156781802901541,0,0,1
"PDIA1_HUMAN",1.66850390104959,-1.617302814883,0.0960964059967452,0.10907727902038,0,0,1
"ENPL_HUMAN",1.79691494742773,-2.96988725470163,0.0732106954765896,0.00372443403265325,0,-1,0
"LMAN2_HUMAN",2.33585881183926,-1.46637522662878,0.0200548313788288,0.145501565804301,1,0,0
"CATB_HUMAN",-2.63440472084576,4.32101580374233,0.00879765556476375,3.12202632783722e-05,-1,1,0
"ACTN4_HUMAN",-0.40178645147691,-0.0781301367472085,0.688082898790354,0.937881716806043,0,0,1
"ANXA1_HUMAN",1.37085598018373,-1.68435234610848,0.171283655327353,0.0944735278676442,0,0,1
"ALDOA_HUMAN",-1.21362504060496,0.332935896307597,0.225697656399533,0.739893954504126,0,0,1
"TMEDA_HUMAN",2.93073161292072,-0.767381941322746,0.00360092652833721,0.444585857071798,1,0,0
"MIF_HUMAN",-1.36621479116294,0.0947643310175075,0.172737634972648,0.924692487553541,0,0,1
"MYH9_HUMAN",2.68391884482007,-1.23039977388397,0.00761781454281598,0.221103427424484,1,0,0
"SET_HUMAN",-1.36324308538731,0.971351996907287,0.173667462152638,0.333960862537907,0,0,1
"CALR_HUMAN",0.710683834284551,-1.17400070887211,0.477745808522099,0.243325333883955,0,0,1
"RPN2_HUMAN",0.776075367200525,-0.572287763392457,0.438220404107556,0.568354123682706,0,0,1
"TMED9_HUMAN",1.89554949296075,-0.527438582448588,0.0588293811788388,0.599035549037157,0,0,1
"G3P_HUMAN",-0.548398611567574,0.292169283049818,0.583762080639792,0.770751853792941,0,0,1
"PRDX3_HUMAN",0.640536662324679,4.08568698518669,0.522235924014154,8.38560167371849e-05,0,1,0
"COPE_HUMAN",-1.08220204309673,0.125130951184191,0.279898198731992,0.900686182334517,0,0,1
"CISY_HUMAN",1.74293091974998,-0.267058087620765,0.0822122844574151,0.789953641256135,0,0,1
"PDIA3_HUMAN",1.78664741449171,-1.5846542795048,0.0748460476062744,0.116248761550597,0,0,1
"ECHM_HUMAN",-0.138873610649489,0.527882908917794,0.889628664746965,0.598755141718814,0,0,1
"RPN1_HUMAN",1.04281758806516,-1.34819394544535,0.297742357028372,0.180592186311848,0,0,1
"FLNB_HUMAN",-0.0612314447769353,0.256610916285521,0.951209248225635,0.798004893458067,0,0,1
"PRDX4_HUMAN",1.44435766633377,-0.68695996807273,0.149530702437409,0.493717981153187,0,0,1
"ITA2_HUMAN",0.810935731190437,-0.423337770550015,0.417945301131601,0.672980129284759,0,0,1
"SYWC_HUMAN",-0.577902302300408,2.56040996464059,0.563699093530191,0.0115490672332934,0,1,0
"SYVC_HUMAN",0.385349426645274,0.0221278922839956,0.700208695674732,0.982389548317309,0,0,1
"HS90A_HUMAN",-1.08908122612766,-0.379140952649608,0.276856853367219,0.705401051549526,0,0,1
"PSA6_HUMAN",-0.966132094078108,1.41498839686408,0.334634128736261,0.159805864272769,0,0,1
"6PGD_HUMAN",-1.80935416760847,0.448247354269726,0.0712474770854557,0.654893919143596,0,0,1
"SYEP_HUMAN",0.559658650088948,0.671289970977443,0.576064237388862,0.503528456847332,0,0,1
"TERA_HUMAN",-1.4975413247633,0.832172697603909,0.135138571517141,0.407084092688191,0,0,1
"THIO_HUMAN",-1.42165062364728,-0.0653404830689849,0.156003150812666,0.948043930785524,0,0,1
"CTNA1_HUMAN",-0.62278663183367,-0.709356110135251,0.533823511714768,0.479774977274126,0,0,1
"GRHPR_HUMAN",-1.82455223941894,0.812402696112347,0.0689153090944609,0.418420445000064,0,0,1
"HSP7C_HUMAN",-0.475936491564399,-0.644256704889101,0.634411574511831,0.520868581429952,0,0,1
"DDX3X_HUMAN",1.07319074836635,0.33978545135607,0.283912811359389,0.734735904054672,0,0,1
"COX5A_HUMAN",1.69541423697562,-0.616152277151447,0.090874422581526,0.539176584573004,0,0,1
"IF5A1_HUMAN",-1.92129684958337,-0.708423579185669,0.0555130819663348,0.48032356738634,0,0,1
"PGK1_HUMAN",-2.55325334232214,2.1144148586131,0.0110887183745781,0.0368508044757823,-1,1,0
"PDLI1_HUMAN",-1.02533620564595,0.875563762226545,0.30590493263687,0.383004908880296,0,0,1
"ANXA2_HUMAN",2.67309971794473,-1.31023888642813,0.00786386327077633,0.193172767470775,1,0,0
"S10AB_HUMAN",1.28793100345355,0.914388416549576,0.198609416071565,0.362974942664927,0,0,1
"RLA0_HUMAN",0.671410063224431,-0.400895712747646,0.502397457353717,0.689298319638827,0,0,1
"HS90B_HUMAN",-0.650535277083435,-1.08934240159855,0.515766180347547,0.278401797318877,0,0,1
"RS3A_HUMAN",1.49345756182386,-0.382187577041691,0.136209999184505,0.703145923334286,0,0,1
"ATPB_HUMAN",3.81192112527741,-0.515027517454896,0.000162484911839213,0.607693181041628,1,0,0
"TGM2_HUMAN",-0.558694488237444,4.7214046251946,0.576721590499118,6.03012773382071e-06,0,1,0
"DYHC1_HUMAN",0.952326633448056,-0.971302480820307,0.341577892535852,0.333473314542069,0,0,1
"COF1_HUMAN",-1.25199458671259,-0.0425818966078963,0.211394244028182,0.966120283271273,0,0,1
"AHNK_HUMAN",-0.4207775852902,-2.03862592398941,0.674172692759192,0.0439322961236795,0,-1,0
"K2C1_HUMAN",2.56261679537118,-0.517760096476714,0.010830048820602,0.605664534790008,1,0,0
"PSD12_HUMAN",2.04346835799864,-0.603825220462138,0.041743660315228,0.547362413949655,1,0,0
"GLU2B_HUMAN",0.707831892502686,1.50514826582299,0.479512886048338,0.135050073111114,0,0,1
"RS3_HUMAN",1.00582521388158,-2.0059649248382,0.315183558951057,0.0473621195932933,0,-1,0
"EF2_HUMAN",-1.55007885160413,-0.107339756051288,0.122053113936127,0.9147330149708,0,0,1
"CLIC1_HUMAN",-0.628569359296269,0.872900282806282,0.530034296822576,0.384517213788473,0,0,1
"SSBP_HUMAN",2.60603398079793,0.122032668146961,0.00955228179291619,0.903112817961935,1,0,0
"SORCN_HUMAN",-0.306782002041891,2.94434994858878,0.759189401521138,0.00395514937169899,0,1,0
"G6PD_HUMAN",-0.438740228627242,0.508083714937586,0.661115924165846,0.612513704107782,0,0,1
"HNRPC_HUMAN",2.21038210311992,1.06328632581672,0.027714203785063,0.290502001860444,1,0,0
"ROA1_HUMAN",0.209609758810679,0.283820488519362,0.834092301430497,0.77710024193479,0,0,1
"MAOM_HUMAN",0.222549184658111,1.51518830833946,0.824014045464417,0.133004732856836,0,0,1
"PCBP1_HUMAN",-0.16121707747007,1.07906457630863,0.872013903967942,0.283006656753465,0,0,1
"HNRPU_HUMAN",2.07236799078581,0.0316045359627329,0.0389512442236603,0.974847771809072,1,0,0
"ATPA_HUMAN",2.4371979510391,-0.840328600462719,0.0152935709277478,0.402746897646093,1,0,0
"CAP1_HUMAN",-1.26473970584253,-0.783926810040731,0.206794878622907,0.434931570636083,0,0,1
"AATM_HUMAN",-0.356917410984795,1.79439265071505,0.721365372572135,0.0757633318520278,0,0,1
"DHX9_HUMAN",0.994661090965472,-0.325217864479445,0.320576767473643,0.745715863487302,0,0,1
"ETFB_HUMAN",-0.176134609236948,-0.340552799470591,0.860288476857776,0.734210324738623,0,0,1
"2AAA_HUMAN",-1.10047050583071,-0.0359509537697778,0.271877967225189,0.971388340012569,0,0,1
"HNRPL_HUMAN",0.850782928585042,0.370468678402104,0.395462749425946,0.711834926521893,0,0,1
"IPO5_HUMAN",0.198415625345438,0.266224215056221,0.842833154352799,0.790650477043432,0,0,1
"EF1G_HUMAN",-0.117626905975679,-0.590700578518689,0.906431862346846,0.556068650536799,0,0,1
"KCY_HUMAN",-0.656816356263788,1.23202374438041,0.51172472725101,0.220779846593577,0,0,1
"CNDP2_HUMAN",-2.40650177912045,3.37122263163047,0.0166215971244771,0.00103637692747416,-1,1,0
"ROA2_HUMAN",0.690220946786944,-0.284909009398952,0.490505184993406,0.776280716160418,0,0,1
"RL11_HUMAN",1.24780534397168,-1.03288040674535,0.212923046857025,0.30381681287851,0,0,1
"ECHB_HUMAN",1.54528639795969,-0.648141726973145,0.123166169103927,0.518335726509802,0,0,1
"PTBP1_HUMAN",-0.564254072687334,0.585762375185193,0.572936546720357,0.559427152233527,0,0,1
"FAS_HUMAN",0.530677071628926,-1.51480957937543,0.59597374029389,0.132705606847389,0,0,1
"PSA5_HUMAN",-1.01774635297706,2.09792233907133,0.309490505131072,0.038474026114768,0,1,0
"TCPB_HUMAN",2.86169792026687,-0.0646631160204054,0.00446508792380175,0.948558900311189,1,0,0
"TCTP_HUMAN",-0.225155670417354,0.139550155962632,0.821990681811618,0.889289477484031,0,0,1
"UBA1_HUMAN",-1.9875415784155,1.10290537899694,0.0476303018587379,0.272698233271204,-1,0,0
"PRKDC_HUMAN",0.695535858679847,-1.24395715870748,0.487173537691329,0.216275091716556,0,0,1
"COPB2_HUMAN",1.42980372754977,-0.713754600646343,0.153650492806743,0.477031871131318,0,0,1
"RD23B_HUMAN",-1.43892012301961,0.81700612378207,0.151052001617898,0.41595358506271,0,0,1
"S10AA_HUMAN",1.39832986227023,-4.76496911020301,0.162889993506616,5.57974989784431e-06,0,-1,0
"IF4B_HUMAN",0.56219694661442,1.07012148830287,0.57433564819712,0.28715842814817,0,0,1
"DEST_HUMAN",-1.47282545022153,1.09992831521625,0.141687441472359,0.274095040820082,0,0,1
"ENOA_HUMAN",-1.22724496718335,1.36367032703268,0.220541842894655,0.175423055307948,0,0,1
"G6PI_HUMAN",-1.21067546781321,0.922954056753462,0.226825967452861,0.358193719328415,0,0,1
"STIP1_HUMAN",-0.620990883907158,1.20971721315398,0.535003011015782,0.228934482728552,0,0,1
"IF4H_HUMAN",-3.2694415187318,0.757698491606478,0.00118859206951129,0.450463563620938,-1,0,0
"CO3_HUMAN",-0.651905518895032,-6.5848370072661,0.514935726535638,4.07287375328053e-09,0,-1,0
"QCR1_HUMAN",2.06353350475154,-0.78231031239263,0.0397883011070454,0.436002712727304,1,0,0
"SNX3_HUMAN",-0.35721466441926,-0.018435721352046,0.721143613207609,0.985327706376807,0,0,1
"PPP5_HUMAN",-1.52174977230663,3.51695921819324,0.128960073636898,0.000653494174019995,0,1,0
"OTUB1_HUMAN",-0.283418943786563,0.884157903730018,0.777020558731641,0.378754060775962,0,0,1
"EFTU_HUMAN",0.654805756562773,2.10882657162934,0.513016674203092,0.0375293997206103,0,1,0
"MDHM_HUMAN",-0.0995289266982855,0.927345622684948,0.92077434780059,0.355963115856778,0,0,1
"HNRPM_HUMAN",0.809191418871706,0.30710670663045,0.418946540654217,0.759376524749323,0,0,1
"PLEC_HUMAN",1.02566739343843,-1.67005789450606,0.305747596083529,0.0977453756076222,0,0,1
"NAMPT_HUMAN",-1.56492492808703,-0.501862358639852,0.11849286659265,0.616745830054812,0,0,1
"GRP75_HUMAN",3.3433246175899,-0.0657730688675893,0.000915826528141398,0.947688528630141,1,0,0
"SYIC_HUMAN",0.811047068962247,-0.664183588048503,0.417882454092622,0.507882012398594,0,0,1
"ITB1_HUMAN",1.34168670986804,-1.64220954310513,0.180590154279071,0.103661277553898,0,0,1
"ATPO_HUMAN",3.25739707437568,0.575288018251247,0.0012335031470457,0.566291693509291,1,0,0
"SAHH_HUMAN",-0.7541950051933,-0.238634828902819,0.451231798723996,0.811895341701033,0,0,1
"WDR1_HUMAN",-1.0312670471407,1.07888792064235,0.303115744725093,0.283144415790191,0,0,1
"1433Z_HUMAN",-1.23001121314518,-0.579552175775779,0.219506491476658,0.563564292076735,0,0,1
"LASP1_HUMAN",-1.00532571785019,1.99205913514742,0.3154277958427,0.0487486947174443,0,1,0
"CLH1_HUMAN",3.42872364095479,-0.667410741684424,0.00067904166803108,0.505930754717773,1,0,0
"RL5_HUMAN",1.12714902273913,0.0742880723994364,0.260441427889218,0.940930609047603,0,0,1
"PGM2_HUMAN",-1.45322033324706,1.26436168910633,0.14705152833083,0.209069848600432,0,0,1
"ATPD_HUMAN",2.73079958269664,0.993225424915559,0.00663309801486474,0.322927731935389,1,0,0
"TPIS_HUMAN",-2.64949276219462,2.95930827214358,0.00842065816090636,0.00389079014059741,-1,1,0
"AHSA1_HUMAN",-0.906393725362677,0.597730407064947,0.365343398348756,0.551339247617339,0,0,1
"IF16_HUMAN",0.535329024540203,-0.334068220417353,0.592756659525981,0.73905081653322,0,0,1
"SPTN1_HUMAN",-0.49767026823933,1.21956494279454,0.619023791125546,0.225207920300741,0,0,1
"RBM3_HUMAN",-2.57862448872109,2.84642658953497,0.0103264815171305,0.00528564837055862,-1,1,0
"GELS_HUMAN",1.14809891391068,-3.66170987197545,0.251704114611006,0.000416309704444762,0,-1,0
"CATD_HUMAN",-3.00316812618624,2.59483422662998,0.00286285188650172,0.0106744029601247,-1,1,0
"SYSC_HUMAN",-0.577490003020536,0.592646169428178,0.563975052045419,0.554596313848445,0,0,1
"G3BP2_HUMAN",0.351558374950155,2.10545216438085,0.725378287670257,0.0375296173862731,0,1,0
"NP1L1_HUMAN",-0.0486894927107337,1.85490433327118,0.961194070916873,0.0664048567982242,0,0,1
"1433G_HUMAN",-2.82703971352279,-0.299307939745504,0.00497396301349939,0.765329759175486,-1,0,0
"1433F_HUMAN",-1.16303395427294,0.694739916531614,0.245594775113363,0.488712483047347,0,0,1
"AP3D1_HUMAN",1.64243148892463,-0.414494375487343,0.101410125186522,0.679351540686188,0,0,1
"ROA3_HUMAN",0.60949686526352,0.706056727846315,0.542585596394212,0.48183608737466,0,0,1
"PDIA6_HUMAN",2.90954080285865,-0.99202916982175,0.00385205678949387,0.323506487674805,1,0,0
"RS14_HUMAN",2.107398106736,-0.731050775461913,0.0357819963804744,0.466510169573892,1,0,0
"TCPZ_HUMAN",1.0834900544197,-0.0700906970940021,0.279325278239174,0.94426221814661,0,0,1
"TKT_HUMAN",-1.26651978123733,1.00056144850254,0.206155158238025,0.319328580271168,0,0,1
"ROA0_HUMAN",-0.454719815431009,0.51939748872081,0.649588041405251,0.604632712421086,0,0,1
"PSMD1_HUMAN",0.270506204510412,-0.00254666559199356,0.786927603852576,0.99797302723383,0,0,1
"IF4G1_HUMAN",0.165679664615908,-1.18432443692714,0.868503179019296,0.238990239125517,0,0,1
"PRDX1_HUMAN",-0.504357459541391,2.06306227600904,0.614322223488839,0.0414178150550978,0,1,0
"MOGS_HUMAN",0.944415841364978,-0.677706021624297,0.345598422175775,0.499414386412258,0,0,1
"SEPT2_HUMAN",0.194401447401706,-0.213815385082271,0.845972678991297,0.831137690841408,0,0,1
"STRAP_HUMAN",0.164260362201131,1.07430573498013,0.869619447144779,0.285129166571597,0,0,1
"GBB2_HUMAN",-0.120352336294882,-0.419273479000339,0.904272034924507,0.675912145946675,0,0,1
"MATR3_HUMAN",-0.34744858076401,1.3344317749218,0.728459812084011,0.184908482121054,0,0,1
"CAPR1_HUMAN",-0.448202875302294,0.355856050065873,0.654279436811445,0.722676597382976,0,0,1
"ESTD_HUMAN",-1.69223265748082,2.43579924702941,0.0914866540556729,0.0165232095666605,0,1,0
"MDHC_HUMAN",-2.3721837168782,2.18789222010469,0.0182264993408073,0.0310220286973321,-1,1,0
"IDHC_HUMAN",-1.78279296609118,2.68177049071373,0.075474986052017,0.00850950329639552,0,1,0
"VDAC1_HUMAN",1.29640839968309,-0.080720685061085,0.195677648239531,0.93582893412111,0,0,1
"HCDH_HUMAN",-0.122428857486601,1.79132258109195,0.902628519007951,0.0758196577626283,0,0,1
"P5CS_HUMAN",0.696882448802077,1.62556998089212,0.48633117293437,0.106621033498017,0,0,1
"CAZA1_HUMAN",0.123736400656137,-0.41215510558645,0.901594128678562,0.681101302469986,0,0,1
"LMNA_HUMAN",0.939707214945424,0.411304931964429,0.348005460552443,0.681674561906183,0,0,1
"RL4_HUMAN",0.869299696907176,0.427656749497277,0.385270285754208,0.66981354837664,0,0,1
"TLN1_HUMAN",-0.333966969358625,-0.00470405642869881,0.738601216009148,0.996256253988491,0,0,1
"NP1L4_HUMAN",-1.11083800059279,1.29148425023013,0.267391927004786,0.199699933109771,0,0,1
"NUCL_HUMAN",0.301105921091199,0.784994372501451,0.76350974122128,0.434509379227302,0,0,1
"VINC_HUMAN",-0.459046154970573,0.720038337049201,0.646481504244182,0.473070459034721,0,0,1
"TPM3_HUMAN",0.933396679686691,0.148867444293751,0.351248727225641,0.881941842013172,0,0,1
"FUMH_HUMAN",0.9784663243228,1.09495277727525,0.328512122517821,0.276048024996045,0,0,1
"CALX_HUMAN",1.55832497470717,-1.169263895752,0.120051098196312,0.244838705819439,0,0,1
"CAND1_HUMAN",-1.25914587050655,-1.5024298909553,0.208836663001852,0.13578056035699,0,0,1
"S10AG_HUMAN",-1.4790582941954,-2.35384387616019,0.140040985034827,0.0204086256628322,0,-1,0
"YBOX1_HUMAN",0.242412805356021,-0.120697589243365,0.80859991763335,0.904162729651014,0,0,1
"C1TC_HUMAN",-0.59953098760732,-1.38888201423221,0.549202492076089,0.167734078884005,0,0,1
"H15_HUMAN",0.46944644852631,-2.26427605672403,0.639037950736176,0.0259454592826381,0,-1,0
"CHM4B_HUMAN",-1.6294470931184,0.328049555153986,0.104109644876734,0.743499237360299,0,0,1
"PA2G4_HUMAN",-0.57946682973505,-0.381653459132621,0.562643513153885,0.703530151301586,0,0,1
"RBP56_HUMAN",-0.902841051004539,1.00471694208771,0.367221061077872,0.317595819236961,0,0,1
"RRBP1_HUMAN",-0.11448678252187,0.632830076946382,0.908916493027875,0.528349746579514,0,0,1
"RM12_HUMAN",1.52192056067647,1.34879851836257,0.128930076196253,0.18021333541844,0,0,1
"HYOU1_HUMAN",1.52162047674702,-0.502796505916369,0.128996056465189,0.616278577143581,0,0,1
"OST48_HUMAN",1.19137533604607,-0.976694870315944,0.234302399293814,0.330946365300992,0,0,1
"DLDH_HUMAN",1.72161228308046,0.794333837504392,0.0860084637184957,0.428804498901635,0,0,1
"H2AY_HUMAN",-0.0606647250779795,0.539256222280339,0.951660267161551,0.590861045037002,0,0,1
"ANXA4_HUMAN",0.915547278007989,2.67949485268453,0.360524628292433,0.00864269802817394,0,1,0
"MYOF_HUMAN",1.76022426548437,-2.24977822001283,0.0792397159726498,0.0264556450622414,0,-1,0
"ADHX_HUMAN",-0.868748606188392,3.0601316139906,0.385572832197771,0.00274556474312367,0,1,0
"ODO2_HUMAN",1.08725833682579,-0.623274708776021,0.277659330566739,0.534523576285329,0,0,1
"THOC4_HUMAN",-2.39398149811292,0.470047235068068,0.0171836757830185,0.639227531620247,-1,0,0
"CTNB1_HUMAN",-0.32968244465426,-0.450017333176234,0.741834168493004,0.653620551156256,0,0,1
"THIL_HUMAN",0.110044388921617,3.34482668226931,0.912436243021473,0.00117036395147763,0,1,0
"QCR2_HUMAN",1.44803255328575,-1.64391938806969,0.14849149959472,0.103218916506307,0,0,1
"SYRC_HUMAN",0.752262092571586,0.471191735108182,0.452391441777616,0.638527756874008,0,0,1
"GBB1_HUMAN",-0.4750159154432,-0.188645209013064,0.635066998816058,0.850759812919503,0,0,1
"TNPO1_HUMAN",1.10518419115976,-0.652534844212244,0.269826378923479,0.515487288471938,0,0,1
"NLTP_HUMAN",1.21689857641609,1.8575929151286,0.224460721681223,0.066129209819086,0,0,1
"ACSL3_HUMAN",2.36967321450031,-1.58326497498457,0.0183365108543991,0.116532917260541,1,0,0
"SPB6_HUMAN",-2.47426832472211,3.13911812738733,0.0138163954459051,0.00221268724741198,-1,1,0
"HNRPR_HUMAN",0.560436294543185,-0.580602903519451,0.575534824225334,0.562686233877685,0,0,1
"ATPG_HUMAN",1.44956736022403,0.139940502831111,0.148059758614712,0.888975695768137,0,0,1
"NPM_HUMAN",0.937184025478266,0.316688063808396,0.349300731789247,0.75214865748841,0,0,1
"SYTC_HUMAN",-0.923515717088289,1.19318998338605,0.356376272325194,0.235310550788444,0,0,1
"ECHA_HUMAN",1.55869700510133,-1.3859977655812,0.119956790214293,0.169007352134929,0,0,1
"SEPT7_HUMAN",0.46290811297578,0.624948895034517,0.643715562595985,0.533428329390497,0,0,1
"TIF1B_HUMAN",1.10260643680043,0.410887341914739,0.270945370635456,0.682072998285637,0,0,1
"RS2_HUMAN",3.51261088069315,-0.506452021093835,0.000500860886769262,0.613636487115655,1,0,0
"SYAC_HUMAN",-2.96899995673082,0.381902541332733,0.00320894282667498,0.70326667082705,-1,0,0
"TPM4_HUMAN",-0.0189041981648009,0.0557443567664314,0.98492812153221,0.955652297083853,0,0,1
"AGM1_HUMAN",-0.127952995637268,0.0703827653147816,0.898259030832351,0.944021860442502,0,0,1
"AT2A2_HUMAN",0.596685962287025,-1.75150206882866,0.551096588085726,0.0823365208808349,0,0,1
"FLNA_HUMAN",0.654432918216276,-1.65948726373403,0.513255590063601,0.100007566414951,0,0,1
"GANAB_HUMAN",0.882600105302233,0.0562380821633673,0.378048904833403,0.955262051423372,0,0,1
"TCPH_HUMAN",1.20005605452278,-1.00748162246824,0.230916028966883,0.316143063344893,0,0,1
"SFPQ_HUMAN",1.54194734831932,0.446159719482429,0.12397717885659,0.65656644337971,0,0,1
"SPTB2_HUMAN",-0.135398033701687,0.178837703265062,0.892373870562945,0.858413266318871,0,0,1
"CYBP_HUMAN",-1.92431308922808,1.10500041039263,0.0551185106252081,0.271714101166245,0,0,1
"LPPRC_HUMAN",0.805173611776038,-1.10874177592259,0.421259053517395,0.270083657693198,0,0,1
"STML2_HUMAN",2.59319749205207,0.353408035661333,0.00990112518805832,0.724519606143372,1,0,0
"HSP74_HUMAN",-1.3076007968008,0.986788953950753,0.19186495331534,0.326068097886083,0,0,1
"SYYC_HUMAN",0.219731638697961,0.0533865148363443,0.826206116788954,0.957526609525758,0,0,1
"ACLY_HUMAN",-0.52350182260266,-2.74060116796,0.600951089861499,0.00703443025109782,0,-1,0
"SYQ_HUMAN",-0.290395623229734,0.100470507533511,0.771683578429724,0.92016949015135,0,0,1
"RAB10_HUMAN",1.91852236617729,-1.58534835176084,0.0558591615648965,0.115843061082946,0,0,1
"RL3_HUMAN",1.91743179086044,-0.487441289731472,0.0559871551339119,0.626916534805929,0,0,1
"HNRPQ_HUMAN",1.42309838779896,-0.115904832113205,0.155585911817963,0.907954494519828,0,0,1
"LAMP1_HUMAN",0.47644006878854,0.864485045913194,0.634053325422016,0.389429237196805,0,0,1
"C1QBP_HUMAN",2.36695880969613,-0.145240310952678,0.0184710209354665,0.884834650334739,1,0,0
"TXNL1_HUMAN",-0.372308878041365,0.419901056729847,0.709884603521386,0.675410425382257,0,0,1
"NONO_HUMAN",0.939859742700954,0.339841582938474,0.347926830280159,0.734799239433685,0,0,1
"COTL1_HUMAN",-1.54520858180689,-0.177152429262582,0.123185680142233,0.859745426863554,0,0,1
"PSB1_HUMAN",-1.56724403871855,1.19109223894422,0.117981814042848,0.236117385048857,0,0,1
"SCPDL_HUMAN",1.22290529990412,1.4113196471209,0.222175291888927,0.160966572263365,0,0,1
"THIC_HUMAN",-1.93924963725578,0.326693256689485,0.0532736323153656,0.744539575773268,0,0,1
"RL10A_HUMAN",1.29838583315563,-0.128743597473379,0.194999216745098,0.897827069238885,0,0,1
"CD59_HUMAN",-1.31465676038965,0.0553093527603706,0.189473661907457,0.955985583195346,0,0,1
"ATP5H_HUMAN",2.65927582418188,0.343306912574924,0.00818473786878123,0.732059678305036,1,0,0
"MARE1_HUMAN",-0.757340791038183,1.19773134111502,0.449346786040184,0.233919473085305,0,0,1
"CNN3_HUMAN",-1.471318465587,1.08174283537043,0.142097057091173,0.281758192053314,0,0,1
"CN37_HUMAN",0.146319202046446,-2.52485516530097,0.88375224320577,0.0130797768670261,0,-1,0
"CLIC4_HUMAN",-1.90471343914155,-1.1930370214152,0.0576242888752922,0.23580898615446,0,0,1
"NAGK_HUMAN",-2.48494896855869,0.941645102877558,0.0134157137953102,0.348696651079597,-1,0,0
"PDCD6_HUMAN",0.920006333736531,-2.00154544137844,0.358192692578819,0.0482227316010779,0,-1,0
"TCPQ_HUMAN",1.59373360197338,0.0952334275465635,0.111887257284894,0.924322150341998,0,0,1
"GLYM_HUMAN",2.06587816408909,-2.75608902672187,0.0395708611407477,0.00683286507053134,1,-1,0
"UGPA_HUMAN",-1.96157995432535,0.69390130796408,0.0505917893212742,0.489344565559375,0,0,1
"PRS4_HUMAN",0.451661197893719,0.372265376945635,0.651788118591259,0.710398008313395,0,0,1
"TOM70_HUMAN",1.52048488994184,-0.844834510301825,0.129286952134861,0.400257183719092,0,0,1
"RS7_HUMAN",0.369176934011611,-0.760802979378234,0.712215548863919,0.448769554702029,0,0,1
"PSMD3_HUMAN",1.42023996561725,-0.94176845918087,0.156416630257095,0.348364854693273,0,0,1
"HNRL1_HUMAN",0.844611436888454,1.92161054014305,0.398896442119861,0.0571791473522742,0,0,1
"SF3B1_HUMAN",1.38390868245781,-0.227870488136172,0.167257465508301,0.820199412948737,0,0,1
"SODM_HUMAN",-1.37047395671673,0.930280560167981,0.171403945786943,0.354294598445422,0,0,1
"COMT_HUMAN",0.26841383046693,-0.148400881823321,0.788536291152244,0.882293421704227,0,0,1
"VATA_HUMAN",-0.350766321274927,0.854361064160906,0.725971455097921,0.394929893266527,0,0,1
"DHE3_HUMAN",1.916574954604,-1.03536467403997,0.0560923364963639,0.302925772793947,0,0,1
"PHP14_HUMAN",-1.38930823868851,1.39940318083534,0.165624755233176,0.165075436587339,0,0,1
"ARPC5_HUMAN",-1.35283706417594,-0.00508107357085967,0.176999438102711,0.995955897617477,0,0,1
"ERP44_HUMAN",1.44804054897539,0.3022438448846,0.148490383531453,0.76303896612379,0,0,1
"TXND5_HUMAN",-0.0117676273960451,-0.586949534006939,0.990617603847976,0.558588535803594,0,0,1
"MYH10_HUMAN",1.07762134244947,-0.565966671594128,0.281938545893707,0.572619304875269,0,0,1
"COPA_HUMAN",1.30944131422294,-0.715022295708678,0.191233722834761,0.47600228947969,0,0,1
"TCPG_HUMAN",2.26147596716646,-0.35382508379468,0.0243364068829388,0.724157466362411,1,0,0
"GFPT1_HUMAN",0.576582847792444,1.05476406364059,0.564586971640473,0.294023508549117,0,0,1
"PIMT_HUMAN",-1.44971102613316,0.415315269215065,0.148064169446451,0.678785714139716,0,0,1
"AK1A1_HUMAN",-1.79880661112809,1.90850863065394,0.0729018649820597,0.0591751865762626,0,0,1
"EIF3A_HUMAN",0.720781378317115,-0.016934300034105,0.471517554377855,0.986523670682515,0,0,1
"APEX1_HUMAN",-2.72533892499053,2.12701543187957,0.00674440172594461,0.035906188126905,-1,1,0
"PREP_HUMAN",0.683498276865808,-0.265682563197075,0.49473702644964,0.791012693105199,0,0,1
"DDX1_HUMAN",-1.18501025008677,2.5175297340993,0.236805975527129,0.0132734635835666,0,1,0
"XRCC6_HUMAN",1.33810773056999,-0.299681016710901,0.181715420206431,0.765078751264839,0,0,1
"PSA7_HUMAN",-1.21246786405509,1.51793242372775,0.226138152099286,0.132085021196639,0,0,1
"SYNC_HUMAN",-2.32624459467868,3.25241777665836,0.0205936010784431,0.00149995929875468,-1,1,0
"MAP4_HUMAN",-0.521042829124586,-0.791044643830567,0.602660900091463,0.430720502207199,0,0,1
"PRP19_HUMAN",0.834451748417347,0.961994362902142,0.404586294071701,0.338227571927197,0,0,1
"AP2A1_HUMAN",-1.64089138605569,-0.296439205457114,0.10172168741393,0.767492685322184,0,0,1
"CTND1_HUMAN",0.13778676681573,-0.211271344316863,0.890486877169149,0.833074287239624,0,0,1
"XPO2_HUMAN",-0.213221453908562,-1.65204025954581,0.831276625154257,0.101370646405591,0,0,1
"MOES_HUMAN",-1.25553367664488,-1.53253210127938,0.210113960675139,0.128602683218911,0,0,1
"RS16_HUMAN",1.42363518241191,-1.37345889472223,0.155427963606668,0.17242096929739,0,0,1
"DDB1_HUMAN",-1.68013299420638,1.04545114490079,0.0938109382255796,0.298461393324046,0,0,1
"CAV1_HUMAN",1.21537580773499,-1.11680520366643,0.225030109302506,0.26662714512117,0,0,1
"PRS6A_HUMAN",1.16629331403963,0.00995806708795978,0.244276783270901,0.992074652710188,0,0,1
"ANXA7_HUMAN",1.1467198662884,2.25047839803432,0.252272835279634,0.0265971900385876,0,1,0
"ADRM1_HUMAN",0.35885234040888,-0.185056815605468,0.719918699094059,0.853508595380068,0,0,1
"IMB1_HUMAN",-0.499173975795774,-0.980362780425967,0.617966664058498,0.329095792570024,0,0,1
"HNRL2_HUMAN",1.11255495853131,1.52224169846686,0.266652077083919,0.130747333784486,0,0,1
"RL23A_HUMAN",0.828499961308373,0.311087926106903,0.407943267167725,0.756445446124438,0,0,1
"KINH_HUMAN",0.548408474822837,0.107392638131352,0.58375606559709,0.914685762009732,0,0,1
"CH60_HUMAN",2.33969203015049,-0.224776090077053,0.0198633510694986,0.822634018365267,1,0,0
"DDX5_HUMAN",0.574696013326544,2.67330552926409,0.565859915386963,0.00871721748752854,0,1,0
"PSME1_HUMAN",-3.00438359559044,0.957146979486831,0.00285583631342846,0.340786584635011,-1,0,0
"DC1I2_HUMAN",0.736914858480105,0.803469088660516,0.461659488028522,0.42358680344685,0,0,1
"OLA1_HUMAN",-0.596298653061354,0.244580234800484,0.551355181483292,0.807264194493048,0,0,1
"RL29_HUMAN",-0.0142576828239497,0.302166561475103,0.988632396890755,0.763186606367595,0,0,1
"PDXK_HUMAN",-1.5894631866597,4.07546686528786,0.11287992359757,9.434134509679e-05,0,1,0
"RL34_HUMAN",1.15404297748017,-0.400139372182796,0.249258807597904,0.689957117333277,0,0,1
"TBCB_HUMAN",0.28176566775663,1.43628450289335,0.778286915405515,0.153671133384489,0,0,1
"RS5_HUMAN",0.430695951313615,-0.173991651140608,0.666950472793489,0.862219157045486,0,0,1
"SC31A_HUMAN",1.95303007315854,-0.137108682116774,0.0516041838148993,0.891220688992461,0,0,1
"UBP14_HUMAN",-0.0307324611828586,0.0407520059994115,0.975500125214233,0.967577542215774,0,0,1
"RL8_HUMAN",1.398647789728,-0.298789801860788,0.162791648742173,0.765694682225105,0,0,1
"HINT1_HUMAN",-2.38520433529698,0.954858911988305,0.0175951980515626,0.341968499683372,-1,0,0
"SRC8_HUMAN",-1.50838814732997,0.674916607341991,0.132371411587249,0.501220668004616,0,0,1
"AP2M1_HUMAN",-2.1229340770492,-0.0747889721431999,0.0344893898505654,0.940530037517586,-1,0,0
"DCTN1_HUMAN",0.42347859734799,1.34493101155312,0.672201900850664,0.181711114655793,0,0,1
"DBNL_HUMAN",0.174167404485699,-0.408050024201614,0.861832930480773,0.684013674636015,0,0,1
"HXK1_HUMAN",1.98387517657394,-2.0085812179696,0.0480453533371734,0.047287457276943,1,-1,0
"HDGF_HUMAN",-1.61257929019585,3.63270494330713,0.107752652341743,0.000437208835881894,0,1,0
"PSME2_HUMAN",-1.71533624484965,2.03514177318137,0.0871603100556672,0.0443898426806059,0,1,0
"SYIM_HUMAN",0.48178643095746,0.297829999478891,0.630253810175357,0.766479411800594,0,0,1
"ARC1B_HUMAN",-1.2376923510457,-0.00553655521930531,0.216688666587047,0.995593285902844,0,0,1
"ETFA_HUMAN",0.417450318632436,-0.0998332186681424,0.676600703969827,0.920667190333456,0,0,1
"DCTN2_HUMAN",-0.105094164645379,1.98219062042375,0.916360323397767,0.0503482207641627,0,0,1
"UGDH_HUMAN",-0.467687065794881,2.08449480202707,0.64029458096368,0.0396183106624881,0,1,0
"CKAP4_HUMAN",2.69064792550876,-1.6040484501959,0.00746965196055602,0.111777652035557,1,0,0
"COX41_HUMAN",1.58069064430355,-0.389085815180681,0.114836820174236,0.698053855803159,0,0,1
"PSA4_HUMAN",-1.52819586933744,1.20003766307233,0.127360545499214,0.232806098658085,0,0,1
"HNRPF_HUMAN",0.572490624142812,0.610472248737984,0.567351410499588,0.54293223440109,0,0,1
"RAB7A_HUMAN",0.192034359575127,-0.492995897640641,0.847825140362667,0.622935945249748,0,0,1
"LRC59_HUMAN",0.845457854372302,-0.281786876327078,0.398423188520663,0.778521474684479,0,0,1
"SH3L3_HUMAN",-1.87954592633501,-0.160570956484677,0.0609873373902367,0.872753560041265,0,0,1
"IF4A1_HUMAN",-0.116203008489098,-1.48677621804067,0.907557479793949,0.139984958323087,0,0,1
"SERPH_HUMAN",1.43267960472705,-0.518466002234802,0.152832348848029,0.605311639877362,0,0,1
"DHB4_HUMAN",2.15025302679178,-1.52234896125958,0.0322189195404309,0.130913543036106,1,0,0
"SCRB2_HUMAN",1.15887607350673,1.72027368673548,0.247300002213545,0.0880916298218876,0,0,1
"SYK_HUMAN",0.264550209569703,0.244951843202267,0.791510482847827,0.80698573835374,0,0,1
"PSDE_HUMAN",0.862519335649245,-0.00279944408378015,0.38898698832297,0.99777227324958,0,0,1
"PDC6I_HUMAN",0.363242329521153,-0.603655324788113,0.716641186419591,0.547376133609436,0,0,1
"1433T_HUMAN",-2.4708566161252,-0.413683972509663,0.0139753170045534,0.679995983959202,-1,0,0
"VATB2_HUMAN",-0.96101151456006,0.454414241109152,0.33719887139958,0.650480890291125,0,0,1
"LPP_HUMAN",-0.349327066176785,1.08117946695452,0.727050318867633,0.282120060398124,0,0,1
"ILF2_HUMAN",-2.20633459077671,-0.204612745558785,0.0280007462126962,0.838250192422673,-1,0,0
"COR1B_HUMAN",-1.33606466382194,0.958172084658332,0.182390143154802,0.340253676822379,0,0,1
"EIF3F_HUMAN",1.38576280080501,-0.461056011949977,0.166703213798985,0.64579556884734,0,0,1
"PCNA_HUMAN",-1.3939515273792,0.160033616373599,0.164201706607555,0.873169290219424,0,0,1
"ALBU_HUMAN",0.358438198999968,-5.90782809144183,0.720229962017144,9.05172221212937e-08,0,-1,0
"DC1L2_HUMAN",-0.378340275354271,0.557192607420803,0.705403721466418,0.57865734957095,0,0,1
"PEBP1_HUMAN",-4.03153636159371,-0.028921400696941,6.86144755318031e-05,0.976971345595526,-1,0,0
"SF01_HUMAN",0.728502547723665,0.942879995948006,0.466787655569813,0.348080060012359,0,0,1
"RS15A_HUMAN",0.420966415176898,-0.583910988532007,0.674034265221347,0.560541795383664,0,0,1
"GLGB_HUMAN",-1.64171025908736,1.42645587288286,0.101536494929464,0.156674438581491,0,0,1
"AT1A1_HUMAN",1.15637212838258,-2.02851848400652,0.248304675469721,0.0450030818536481,0,-1,0
"USO1_HUMAN",0.710692967552141,0.312658504649613,0.477742175838753,0.755174552116519,0,0,1
"COPG1_HUMAN",0.962026709220537,-0.961115342283108,0.336689867295418,0.338570897442708,0,0,1
"FPPS_HUMAN",-2.41392983810577,-0.0761332529398927,0.0162901282832818,0.939454082293206,-1,0,0
"HEXB_HUMAN",-1.28646779286546,4.37331799659836,0.199118377797689,2.22554434459552e-05,0,1,0
"CNBP_HUMAN",-0.534497107025759,-0.399797412606482,0.593332698250409,0.690111978271145,0,0,1
"KLC1_HUMAN",-0.688267853376615,0.690383902247233,0.491735455641635,0.491421794245958,0,0,1
"HNRDL_HUMAN",1.44865512332171,0.900049049903041,0.148323945583039,0.370424444680755,0,0,1
"RS4X_HUMAN",1.00039203046846,-0.0840891915172564,0.317804431225203,0.93315173369276,0,0,1
"LDHB_HUMAN",-1.48295330225636,0.663016076086732,0.138978718201964,0.508852946412555,0,0,1
"TCPA_HUMAN",1.27034100115903,-1.27490329785775,0.204794978396362,0.205189827553317,0,0,1
"LDHA_HUMAN",-1.77753386162284,-1.47710029268498,0.0763597360746407,0.142520147727977,0,0,1
"GUAA_HUMAN",-0.790769121283351,0.829526332542334,0.429605430730206,0.408779247598213,0,0,1
"IF2A_HUMAN",-0.105427633182879,0.176903189033153,0.916095987741534,0.859941128482284,0,0,1
"CAPZB_HUMAN",-1.10691509623805,0.260018825432029,0.269081889274174,0.795375087921689,0,0,1
"RL38_HUMAN",1.70337397702071,0.205069985623657,0.0893758094458156,0.837938181812923,0,0,1
"PPIB_HUMAN",0.286016576357909,-0.641938858619952,0.775031785985415,0.522340222492865,0,0,1
"PDIA4_HUMAN",1.69052994462783,-0.581987088059077,0.0918074290123213,0.561867294966376,0,0,1
"EIF3H_HUMAN",0.315076201764846,-0.197293888368311,0.752889627190033,0.843992298465297,0,0,1
"PRDX6_HUMAN",-3.99511186648464,1.00546255839447,7.89241695221884e-05,0.316845225564222,-1,0,0
"LEG1_HUMAN",-0.51646130887694,0.48085029535559,0.605852934364395,0.631580191087027,0,0,1
"PARK7_HUMAN",-5.23405241805942,2.89872240187494,2.95676319220501e-07,0.00455701408920681,-1,1,0
"APMAP_HUMAN",3.38077520690536,-0.968870650470575,0.000807044568008983,0.334871729653873,1,0,0
"TAGL2_HUMAN",-0.94106027871846,-0.151373408238239,0.347313862263926,0.879938035046872,0,0,1
"RL23_HUMAN",1.89225139554229,-0.127472989367082,0.0592776137695844,0.898814827763752,0,0,1
"GDS1_HUMAN",-0.82740414082531,-2.2081614167854,0.408563215283492,0.0292509227290488,0,-1,0
"RS21_HUMAN",2.26283409361353,1.18263756507107,0.0242482510561441,0.239662169728471,1,0,0
"ATLA3_HUMAN",2.23101423119913,-1.4354942971863,0.0263312595265565,0.154039230953158,1,0,0
"PSMD2_HUMAN",0.767203906752098,-0.357327600232287,0.443470495566259,0.721544755086746,0,0,1
"TCPD_HUMAN",1.51461837109359,-0.461464172694793,0.130759642771232,0.64541910427207,0,0,1
"RS29_HUMAN",1.61549354130225,0.531893837834091,0.107091635396381,0.596030450005639,0,0,1
"RS6_HUMAN",1.277245531562,-0.0826705313589701,0.202349495079199,0.934288806323225,0,0,1
"CAZA2_HUMAN",0.107267321115734,1.87598010089497,0.914637334610268,0.0635568447613686,0,0,1
"HNRH2_HUMAN",-0.149910231582025,0.254155583288751,0.880920761259834,0.799859726254131,0,0,1
"RS25_HUMAN",0.994691687777965,0.541191677454413,0.320563083633068,0.589670780512853,0,0,1
"DHB12_HUMAN",1.95365750491528,-0.628333191203348,0.0515269625752147,0.531124855746464,0,0,1
"SND1_HUMAN",-0.727931813777911,-0.125514304064379,0.467134491037792,0.900364458428891,0,0,1
"IMDH2_HUMAN",0.954593244844427,-0.494301985097144,0.340431319544631,0.622068478155303,0,0,1
"HNRPK_HUMAN",-0.153064558614235,0.837547306787245,0.878434088870192,0.404270041445641,0,0,1
"TBCA_HUMAN",-3.15277238242893,2.99994051532867,0.00176431441358501,0.00333749678919305,-1,1,0
"RTCB_HUMAN",0.382723473483683,1.05832352063642,0.702153382086474,0.292325508281877,0,0,1
"GDIB_HUMAN",-1.85382768950355,0.268856958927876,0.0645917774749712,0.788604847987086,0,0,1
"HNRPD_HUMAN",0.217028702613427,3.08625376607011,0.828310302994432,0.00259392575696404,0,1,0
"ROAA_HUMAN",0.236165076028027,0.518672600922804,0.813440397425877,0.605123901353943,0,0,1
"HS105_HUMAN",0.693043747750062,0.926529571508334,0.488735154897488,0.356297201848404,0,0,1
"COPB_HUMAN",0.82742344181186,-0.909593026941714,0.40855151310237,0.365093242844967,0,0,1
"EIF3L_HUMAN",1.18316180453188,-0.448282626839288,0.237534650649581,0.654744422292318,0,0,1
"DAZP1_HUMAN",0.791145096260742,1.18437012981625,0.429386373271114,0.239280123769495,0,0,1
"TXD17_HUMAN",-1.36603166716078,-0.802391063974679,0.172811897042588,0.42425393349488,0,0,1
"EIF3B_HUMAN",1.41403145906777,-0.0468889192406943,0.158227375040446,0.962696744124887,0,0,1
"S10A6_HUMAN",0.306048789641691,0.883852714335902,0.75974647081973,0.379090567152621,0,0,1
"BIEA_HUMAN",-0.935343247775926,1.25445245924531,0.350246628213587,0.212468525658312,0,0,1
"XRCC5_HUMAN",0.362926981000217,-0.667136527532062,0.716875118659235,0.506184883959511,0,0,1
"KHDR1_HUMAN",1.06643041741425,0.412787652356343,0.286952599615775,0.680596612540936,0,0,1
"RINI_HUMAN",-1.66237570598075,0.182208891345491,0.0973348896240626,0.855775419785375,0,0,1
"RS20_HUMAN",2.56790893028783,0.209192750641374,0.0106412850152521,0.834722835867141,1,0,0
"RANG_HUMAN",-1.3712098329892,0.827892885132542,0.171173498653984,0.40967768682266,0,0,1
"SNX6_HUMAN",-0.492417090522286,0.816336893339012,0.622728077987939,0.416254591658082,0,0,1
"RL27_HUMAN",1.55448867565368,0.16230025285417,0.12095650810508,0.87140440788496,0,0,1
"RS12_HUMAN",1.09711221898788,-0.715840557587989,0.273336383500077,0.475643747413934,0,0,1
"STOM_HUMAN",0.328636888768187,-2.11846165178066,0.742624920943737,0.0367189995110007,0,-1,0
"CD9_HUMAN",0.0759742257325878,-4.01161645989177,0.939482287407035,0.000115278725062627,0,-1,0
"RS19_HUMAN",1.30343610074812,0.978781405971483,0.193270292865958,0.330292882649428,0,0,1
"NDUAD_HUMAN",2.01524510448074,-0.676690805822019,0.0446379903437854,0.500103833936853,1,0,0
"ARP3_HUMAN",-1.05972561490129,-1.15508322396501,0.290011859477287,0.250650495991865,0,0,1
"ALDR_HUMAN",-2.20561148274774,3.53275779503426,0.0280540404333555,0.00056301545283533,-1,1,0
"TRXR1_HUMAN",-1.78403365074045,2.39057242319825,0.0752731035240295,0.0186830435524115,0,1,0
"VATG1_HUMAN",-0.09170654890715,2.09428433748513,0.926983248198328,0.0387347822628616,0,1,0
"MTAP_HUMAN",-1.60758782722258,1.56773009215751,0.108826440059027,0.12016760008323,0,0,1
"HNRH1_HUMAN",-0.498970037729306,-0.400786693419996,0.618124779378036,0.689330653957977,0,0,1
"RSSA_HUMAN",2.8407536856663,-0.120895662743642,0.00476321673413524,0.904027486973301,1,0,0
"MTPN_HUMAN",-1.77805774687299,0.599882228581391,0.0762727590885951,0.549863075135905,0,0,1
"PPIA_HUMAN",-1.06836875059606,0.635792405102296,0.286081206934955,0.526295566377052,0,0,1
"HNRH3_HUMAN",3.24467129694642,0.4203032094856,0.00128745858805143,0.675104404597176,1,0,0
"RSU1_HUMAN",-1.01137993217225,0.498410223085929,0.312521852789953,0.61917745554007,0,0,1
"DX39B_HUMAN",0.00210580136947596,-0.118700420818994,0.998320994339626,0.905744514891414,0,0,1
"MPCP_HUMAN",1.8636751326213,-2.11473726120424,0.0632044369674423,0.03664762253517,0,-1,0
"ARPC4_HUMAN",-1.15568875278419,-1.65380152467449,0.248599940785259,0.101223016903804,0,0,1
"RS8_HUMAN",1.02277035246786,-0.537175118946507,0.307112772682212,0.592361765120254,0,0,1
"RL32_HUMAN",0.997976072692344,0.0143585845856663,0.318971068663827,0.988572048497071,0,0,1
"RL31_HUMAN",2.06907565927492,0.556225157206767,0.0392603079303092,0.579336838804534,1,0,0
"SMD2_HUMAN",1.36860452950393,0.797786642647085,0.171998056546646,0.426967772331415,0,0,1
"AATC_HUMAN",-2.34932188324786,2.56059303311352,0.0193887135700493,0.0118614293729663,-1,1,0
"AT5F1_HUMAN",1.63233533134695,-0.16320186219167,0.103496150535612,0.870691191959644,0,0,1
"ORN_HUMAN",-0.87403817488276,1.25232606576871,0.382691635226322,0.213524997889646,0,0,1
"TSN_HUMAN",-2.55011657065867,1.77635270028997,0.0111923203776569,0.078709838087913,-1,0,0
"TBB6_HUMAN",0.840065971123607,-1.14906640054537,0.40143521691438,0.253348579774452,0,0,1
"COPD_HUMAN",-0.645638883288006,-0.855620383951227,0.51893223630104,0.393944295101791,0,0,1
"MTCH2_HUMAN",1.01943904447966,0.131635584369243,0.308693521385456,0.895540606356309,0,0,1
"CNPY2_HUMAN",0.0653961609683014,-1.05872410061403,0.947895288957753,0.292235655082936,0,0,1
"ADDA_HUMAN",-0.157054479285708,0.781070676160397,0.875290962394982,0.436537817516713,0,0,1
"DDX17_HUMAN",0.253645909747465,0.10876237642071,0.799915625698659,0.913602903471554,0,0,1
"CPNE3_HUMAN",1.15084042022867,-0.353892136927352,0.250570603601447,0.724148797085139,0,0,1
"TXTP_HUMAN",0.0753995761377591,-1.015187786418,0.939940877566592,0.312704190334752,0,0,1
"RL9_HUMAN",1.65798441920964,0.226915989905612,0.0982014513188676,0.820943244671754,0,0,1
"CH10_HUMAN",0.797544441179049,1.20892212620729,0.425667745585337,0.229480875656352,0,0,1
"RAB14_HUMAN",0.569499052683492,-1.7937990500223,0.569376681207808,0.075600907765854,0,0,1
"RUXE_HUMAN",1.92140493740584,-0.0333199162634365,0.0554918640142364,0.97348519310662,0,0,1
"CPNS1_HUMAN",-0.461606317791262,0.137446961810091,0.644646478600387,0.890945405241295,0,0,1
"SUCA_HUMAN",0.734564795764377,0.0512922796401152,0.463088302539118,0.959197763695227,0,0,1
"SRSF7_HUMAN",0.928412824811888,1.2844481285496,0.353822542988408,0.202128307094259,0,0,1
"LAMP2_HUMAN",-0.0779197641672445,1.86823287308296,0.937935702995335,0.0645157122995539,0,0,1
"TADBP_HUMAN",1.3420564023902,0.630536985424154,0.180445909820361,0.529636068003613,0,0,1
"CUTA_HUMAN",-2.73353587093353,1.26875008565532,0.00659119031870218,0.207378058421183,-1,0,0
"RS13_HUMAN",0.237444922192051,-0.318008016474405,0.812448511808091,0.751135575171145,0,0,1
"TPD54_HUMAN",-1.45259088235266,-0.428917139760667,0.147218989748728,0.668958989161749,0,0,1
"SIAS_HUMAN",-1.3451117916277,3.54359354154087,0.179452437464934,0.00055749856073496,0,1,0
"RTN4_HUMAN",0.0992191921006188,-0.830553767342751,0.921020089240298,0.408009157341529,0,0,1
"CRIP2_HUMAN",-1.69129469044863,2.18238586263336,0.0916673541060642,0.0312085703566831,0,1,0
"PCBP2_HUMAN",0.515762747187412,0.558603726485469,0.606340284949134,0.577633227356644,0,0,1
"RL28_HUMAN",2.94566639504366,-0.00648015033938381,0.00343495555804217,0.994843207374972,1,0,0
"OSTF1_HUMAN",-0.77740225105591,-0.842908647752646,0.437440519782823,0.401285569548706,0,0,1
"SC24C_HUMAN",0.662124470905059,-0.627604994311356,0.508320041899429,0.531739366143903,0,0,1
"RS9_HUMAN",1.42312758858472,-0.633452751999198,0.15557604107112,0.527898359086188,0,0,1
"ARF4_HUMAN",-0.299487788955816,-0.288728977902363,0.764746466497276,0.773363533564763,0,0,1
"RS18_HUMAN",0.683239851152594,0.0564860480070663,0.494900732078803,0.955072235215044,0,0,1
"GDIR1_HUMAN",-1.48558682982991,2.39162333641981,0.138273448532824,0.0186573467301887,0,1,0
"COX2_HUMAN",1.21927834384886,-2.5843246790093,0.223545831694428,0.0111785046727919,0,-1,0
"ETHE1_HUMAN",0.319228405726416,-1.95858117928501,0.749742884849693,0.052797761299767,0,0,1
"RLA2_HUMAN",-0.597709570581868,0.779736024735701,0.55041375943187,0.437761426012437,0,0,1
"VATE1_HUMAN",-0.426255969825622,0.21563133017353,0.670179696066046,0.829706275600912,0,0,1
"LEG3_HUMAN",-0.240843918647036,0.258381952056754,0.809814758346593,0.796618250478952,0,0,1
"6PGL_HUMAN",-2.74653413922119,1.56037184950881,0.00633157354405807,0.121832775458082,-1,0,0
"ATP5L_HUMAN",1.0724250122682,-0.210316706386921,0.284255941391996,0.833819493480099,0,0,1
"BAF_HUMAN",-1.40831915870666,1.66069730096417,0.159909370830278,0.0998398522370516,0,0,1
"RL30_HUMAN",1.70879041386467,0.321208644758639,0.0883614988569693,0.748770791248213,0,0,1
"TMM43_HUMAN",3.9280672215016,-3.587745429385,0.000103168479174002,0.00047450322159473,1,-1,0
"SMD3_HUMAN",3.06624620021591,0.0169137693204674,0.0023335631938287,0.986538589962002,1,0,0
"VDAC2_HUMAN",4.18902539758946,-0.283731057922194,3.5384484174783e-05,0.777257190647659,1,0,0
"RL27A_HUMAN",2.63302006633265,0.618997849377674,0.00883189749578658,0.537344984124267,1,0,0
"RAB5C_HUMAN",1.3582580881147,-0.665493764569963,0.17524432909852,0.507313953845848,0,0,1
"CPNE1_HUMAN",1.06483505176564,0.445170240833263,0.287673240617596,0.657115680311931,0,0,1
"SRSF3_HUMAN",0.94138468472126,2.2460108439269,0.347146465791123,0.0271379742113761,0,1,0
"FKB1A_HUMAN",-1.89122314451475,1.07505578064519,0.0594225576548062,0.285215538169986,0,0,1
"SC61B_HUMAN",2.90433613537929,0.148153182202961,0.00391045169472948,0.882535118094719,1,0,0
