"","response","2,5-pyrazinediol (NIST)","3-phosphoglycerate","4-guanidinobutyric acid","adenine","adenosine","carbonate ion","citric acid","D-fructose","D-glucose","DL-isoleucine","D-malic acid","D-ribose-5-phosphate","fumaric acid","gluconic acid","glycerol 3-phosphate","glycine","hypotaurine","inosine","L-(+) lactic acid","lactose","L-alanine","L-aspartic acid","L-cysteine","L-glutamic acid","L-glutamine","L-lysine","L-methionine","L-ornithine","L-phenylalanine","L-pyroglutamic acid","L-serine","L-threonine","L-tryptophan","L-tyrosine","L-valine","methyl phosphate (NIST)","myo-inositol","myristic acid","oleic acid","palmitic acid","pantothenic acid","phosphoric acid","putrescine","pyruvic acid","scyllo-inositol (NIST)","stearic acid","succinic acid","thymine","uracil","?-ketoglutaric acid","Unknown 01","Unknown 02","Unknown 03","Unknown 04","Unknown 05","Unknown 06","Unknown 07","Unknown 08","Unknown 09","Unknown 10","Unknown 11","Unknown 12","Unknown 13","Unknown 14","Unknown 15","Unknown 16","Unknown 17","Unknown 18","Unknown 19","Unknown 20","Unknown 21","Unknown 22","Unknown 23","Unknown 24","Unknown 25","Unknown 26","Unknown 27","Unknown 28","Unknown 29","Unknown 30"
"Mock_0hr_1",0,17.3623247270601,16.62996802209,17.5518873941943,20.0519854666662,20.5344119408,24.060649519793,20.8726736562335,19.5479770844292,23.6051865891983,20.3245820231852,22.9559810105093,17.9129107154156,19.835672342918,14.0968516062352,20.5585155256611,20.4436194388349,19.1541172408287,18.0680943264818,23.3511078383656,16.2450114667231,21.1594655050973,20.5838805636537,18.6763892286584,22.7767475868546,21.0393792894346,18.2921830811547,17.5268340694473,19.1314906120939,19.3220118077794,19.1935370480374,21.1202922714356,21.1929223732302,17.2197052273059,19.2091283071025,20.5207727545177,17.8479600415645,23.5302220359098,23.9743396044605,18.2350902625938,21.6773569435794,15.0416970368556,26.4983990771506,18.422371624566,17.8792806738137,18.3955543370344,21.7640048332475,20.5707673061231,14.8404674487069,19.6724434461627,20.0144746746476,18.0156920960857,21.5881763372615,18.1801859816036,15.8634755683972,18.0983966714578,18.1612194893982,15.2353432731939,18.7379508461527,20.1544498112199,20.7612171986887,21.3965785023691,15.2206342016,16.9806932997598,19.1366349330578,18.7807444315326,18.8457640129455,18.1822405355578,17.862425306918,19.4049845955603,18.4772784159374,19.0702987988871,17.8684365834312,16.5471140092094,17.2526997468615,17.949465073696,16.3172707722248,16.5909787791847,17.5614083554369,17.2121136438759,20.8055375514417
"Mock_0hr_5",0,17.8835430202363,19.7565490163536,18.8882721010241,19.4559862109466,21.0584278775789,23.3135012493696,21.6615989573213,19.1860069152729,23.5735803276118,20.2679557132276,23.5299022022459,18.4481592957354,20.0616923582426,14.5746678561459,21.1369589733249,20.2423125542737,19.5539957896813,19.9422162124925,23.7913309557094,17.9628984255628,21.6840905195127,20.8121733429308,19.6612697671364,23.2591166334196,19.7055412229059,18.2154929148998,18.4176573017188,20.5475313297908,19.4996482187017,24.620565554818,21.4071461678423,21.4881566751981,18.4759716548053,18.9693131190481,20.4222875823235,18.2140134578274,23.9296770874419,24.595741265187,19.2111656501309,22.2672831415403,15.6209463586321,25.3927352345799,18.8678501094661,17.0793755782786,18.6836640513726,22.6249273772508,20.7315209254167,14.6689957520532,18.6132282171758,20.6284005815977,20.6609867701328,22.4743352425173,18.521660682255,15.3200601176108,18.0157555554214,18.4971133837562,15.4254660111665,17.4209694011383,19.9884114418158,21.574744503996,19.046863494749,15.4665663103094,18.3990286006664,20.1835986580091,18.5181670650557,18.4367079408436,18.1796787923212,18.4528890627647,19.4560889735898,18.2848011256111,19.2900921505897,18.3072629516138,17.0127021608491,18.5210688824307,17.7404307378866,16.6222974074277,16.3498089211149,17.8408341112298,17.9225639956303,22.8720990560367
"Mock_3hr_1",0,16.2773102352342,17.8484554540769,16.7528704224063,19.6179237392116,20.248667913303,23.2578506995104,19.9613789560541,18.6898926060636,26.3013650732451,20.6705497086488,21.6550189130331,17.6868225212931,18.4049743825137,15.637977586465,19.5278012360058,20.0518714399696,17.3318476649439,19.0019551492224,23.5330163634684,15.0705366780892,21.6056656344535,19.4728911027099,19.2976015101426,21.4280729929355,20.3590961919267,19.4565306613813,18.1006308099886,20.1925119572291,19.4286205426821,23.459983283525,20.5437970593927,20.8743855204186,17.1978649969481,19.1879989575159,20.913153467171,17.0070269536265,22.0063751964342,22.6026479645249,17.8328197450878,20.3824005183832,14.7289089913932,25.4099008635142,18.2181433062886,15.9548863581935,20.3737081697617,20.5661978131641,20.1002788874096,14.5933094144481,18.9426238080962,19.1335646179011,19.1475771000456,20.359444377527,17.6892402606991,15.0627725559692,17.7566974129458,19.0547237684468,14.1886153365964,18.282883903672,19.6075381733351,19.6271431511147,19.8862548393895,15.5255758634015,15.7346015169688,18.4970958924826,17.586091680384,17.8674857689459,17.5382341929281,17.0643196435012,19.0639528080031,17.9212296142807,18.4718543610537,16.645732404374,14.994355962457,18.6184866965795,25.1503353720711,17.3178211502091,19.1632783951177,16.8615885625059,16.9607350433245,18.5900384293437
"Mock_3hr_5",0,16.0102708334379,14.6624331413128,16.0400560543109,19.8051709856019,19.0085167086948,21.8129194139642,19.4043937842385,17.9045825451616,24.2209391142869,19.3386872068626,21.2673806840245,16.835913644495,18.3286421230139,15.2730082793649,18.7438734325529,19.0306905340023,18.394560065787,17.9017312469594,22.8037228256091,15.2880076608695,20.8308297533384,18.6985714042617,17.9270677669656,20.6071151984787,17.5275485663214,18.1519963165422,16.8322323860945,19.0454474990973,18.1672796664344,22.873125619929,19.7316276260244,19.7961201141193,15.8878849260641,17.9228498334159,19.6205200864216,16.9362330442966,21.4318910816027,22.8653861698125,17.794468267554,20.6155856367994,13.9735282549232,25.5790224876559,18.2837063064112,15.5064900052107,17.3833863251033,20.8869130045711,19.2669062515774,15.193020363899,19.6259786709626,18.2563696948118,18.4134748151031,19.6223912290553,17.2237350862908,15.0206104400761,17.763229042432,18.6405918435016,14.9606510196201,17.0141581210451,18.45374889123,17.6488514779547,20.04925289878,15.4429842116365,15.7391160577077,18.1114116695239,16.7252163630524,16.9958005839059,17.1170716816943,16.9202438465859,18.8685748113866,17.896943050527,18.3913144438504,16.2971614203634,14.5979743796005,17.3164012465994,17.882285155544,15.1859859744584,17.3432038123624,15.396182353447,16.7195106755546,18.3131417968289
"Mock_7hr_2",0,17.6793956624001,18.8639291368719,17.4997122208126,19.8185288614723,20.1761142110991,24.6268794737509,21.370649235074,18.325189865922,24.7871608445647,20.4524916195503,23.2285998653001,18.2049588928437,19.8564390767773,15.1781779724807,20.5982459130434,20.0384863883292,18.6848338208503,18.296552277031,24.0857045640101,16.5065223256358,22.489007019023,20.140175471956,19.391631028591,22.1067342963085,20.9090594813003,18.7033447391622,17.7020648685917,18.7272655177731,19.4763879150997,23.9279667267048,20.7986460956032,21.1245720040912,17.9596426750836,19.3729923730038,20.6940434512321,17.6943555547846,23.4561959949414,22.6822076821291,18.3145939913422,20.57998126075,15.4189406039619,25.6775741259093,20.0655021994738,18.0255296854356,18.7598881832218,20.7598960295513,20.2971487510808,14.8280897198414,19.2927753953183,19.9526010217942,19.322470538118,21.5560813765989,18.4717813445365,15.8476921757843,18.1201680011848,18.0798540891316,15.596223040613,19.4504239935507,21.0070582099347,21.3306799143668,20.2476738854614,16.021823975121,15.8059208878816,18.8173120424705,18.5382149192936,18.2455974026309,17.7592374762729,17.2528792239029,19.3971198656916,18.2973778032344,19.076406143187,17.7623968700967,16.5447359327563,18.0165922376975,18.1449691445813,16.8518501077682,17.4107674314607,17.4575187545226,16.8853841813804,19.8081369629455
"Mock_7hr_4",0,17.4910795693891,16.3567000422657,16.6682795669842,20.1074748153619,20.3999056036532,22.7810016107615,20.726573222899,18.3418947862039,21.7065828104995,18.5065051694272,22.7321944447167,17.6569674639236,19.4236605379147,14.4262422871206,19.797495616516,18.7912752859176,17.6606772096066,19.0729275886481,22.9415346745811,14.7241955943022,20.7720247130729,19.6167824505032,17.919264222099,21.3775484259642,18.453957712905,17.3310168842596,16.7669450297944,18.5128135295596,18.1945693118809,23.4903396736495,19.7248891730602,20.0017547665681,16.788037703721,18.108585273762,19.1442219285365,17.1946862364569,22.6259217646882,22.8682976965849,18.4776550594874,20.9755305401235,14.5333332088365,26.321853167496,19.4265505983449,16.1232220790479,17.2702676861124,21.1935631212898,19.3702765409115,15.2160258464711,19.5930224084063,19.403787993062,18.7481420165635,20.2495019473324,17.677123035214,15.8260078860503,18.1269628225156,17.8919870762572,15.0131269806796,18.0803284526516,19.192687384951,20.2356111311327,19.9585238295235,15.9207243552908,17.0514189581789,18.8142709515712,17.1097207812788,17.605118584297,17.3972539507191,17.0069211715863,19.0141968910526,17.8013285476177,18.7239365766898,17.2740491947811,16.1355839036444,17.0995952561364,20.3190594282067,14.8425117000465,15.7642164655953,17.0341255817895,16.866997711906,20.4647555507926
"Mock_12hr_2",0,18.88695713526,17.5956546043397,17.6005092634393,20.3795834897088,19.7583230090812,21.7364930065456,21.485566793129,19.0079302489502,24.5144519890225,20.6357386645339,24.1081094963891,17.8148887288534,20.9466483539337,16.1955595083543,21.4334578486735,21.1184982858238,19.9053930493878,17.9166037647679,25.3163985826362,16.2510321849796,22.4345885259393,20.9189311843882,19.1695674952003,22.9836897481312,21.3991498253266,19.7135457470583,18.0667729926899,20.3540999218655,20.4338075333149,24.8775382477604,20.8384179886745,21.6852571564,16.7557016661216,20.7678407647036,21.3975949887149,18.2094830118164,24.4820002393923,22.930511536829,18.6148671537327,20.798110150145,16.103830473419,25.6593363062624,20.7413615986814,16.764429928136,19.0026382178373,21.1757294371294,21.1078783742484,14.99928909416,19.704565147366,20.4559826570458,18.2261602989421,21.5289002533607,17.9104500012926,16.4719641054673,18.1791133726714,18.2317202141221,15.9696486187622,17.6379071141025,19.0158225885669,21.5142094595585,21.779151992731,16.2444100282378,15.7572076815314,19.7329557202815,17.9846335001778,19.0797628130244,18.6885967913282,17.5985178106126,19.2773051753192,18.7645549854231,19.6664033871373,18.2567882526883,17.2065426409693,17.9524360826609,23.1101623362703,16.5384682720902,17.2191225930187,18.2534380979141,17.1806540086521,19.4100565681293
"Mock_12hr_5",0,18.0063985610397,18.5077632330156,17.6707089980745,20.0874094154086,19.3823808552328,23.4126957491464,21.2222544241129,19.2244880703906,23.2460822080905,20.7390998546045,23.7173201522076,17.8216821735042,20.252156462631,15.7236045736366,21.1316800415372,20.5539162638917,19.1838055931943,18.916403665893,24.7369049196469,16.5156853204147,22.7007748692677,20.4131926562448,19.0789296064667,22.617661136783,20.845556883996,18.9432632602965,18.5342379538646,19.4478069205048,19.8032936890236,24.3428443526882,21.1739852624574,21.4654582506385,18.0268542343725,19.9843061569483,21.0207545741047,17.1208297354275,23.9478848700481,22.1419767878239,18.1604744540119,20.0331358581632,15.6986372366166,26.5455565859393,20.2834162901079,16.4496249429285,18.348870023389,20.4100552066997,20.6445975237436,14.6031693046243,19.432326343097,20.2053726195462,18.9033484477048,21.2411650950345,17.9233249978917,16.08423300736,18.2182915862319,17.9172813288946,15.763894805635,18.4891477443738,19.8297516201266,21.9409457092661,20.5155474486903,15.3774303656512,15.3727649989144,19.2116574109384,18.2405083967473,18.2175237977902,18.1160883450825,14.6923181527452,19.1103186441205,18.57414451583,19.0275699696113,17.8232421190679,16.6793014009813,17.5447637427513,17.3579495783919,16.4760215106309,15.8624180422363,17.8929142636298,17.2844061107661,18.648889686234
"Mock_18hr_1",0,17.8083860562816,17.6074219654681,17.379542998852,20.1418952282066,20.3063366667252,22.9813635051838,20.8583550510744,19.0365629864939,22.1365575323541,20.1099814974789,23.1081214799077,18.0389307745678,19.7300781605325,14.9380856905888,20.6858228685625,20.0396458615187,18.3169729098133,19.043698659482,23.9506683068831,15.7085866386253,22.0372630048207,19.8589105228876,18.6676636013316,22.1621343982368,19.805373399949,18.2181211373574,17.7190119240578,19.0897786071085,19.1355387432092,23.9501123505533,20.4301708937909,20.8157189131067,20.00404983885,19.3614979770355,20.4044304353539,16.9151771425734,23.2442774097373,22.6640855754113,16.8213170184008,20.6145536726079,15.2834253341306,26.300073380091,18.3643679734891,16.2065373481363,17.7541963133223,20.7991042859991,18.5087913506882,15.0626665677061,19.5019505573502,19.4442424251097,18.7749116756109,21.2801229076659,17.8043973736072,16.0236510276974,18.1185525283249,17.9679026529278,14.7918576664963,18.3237170199204,19.5127683452804,21.0859642566627,20.0653767262067,15.7785223281011,15.4853576393477,18.6976046560699,17.7269557504572,18.0903497866504,17.6831861439337,17.0772183766753,19.1690206155423,18.0246029516229,18.9493331615521,17.5985535337083,16.4531314331425,17.6195989554029,16.7575693375703,15.617897048208,12.0676840400144,17.3999134986975,17.2522617826038,18.8271010284174
"Mock_18hr_4",0,18.5272497561346,16.5352640924582,17.4088599626321,20.1818764345258,19.2332455757391,21.3319112688403,21.1066183815969,19.0621715251308,20.5001489263729,20.2218576790916,23.8196898063769,17.780764200996,20.3299343582542,15.5152677605168,21.2274152143104,19.9856775775412,18.0406286846737,18.2274588140949,24.0451529398646,15.7884372343766,21.8952021315145,20.5674295512841,18.513155559779,22.9304055356972,20.2953713059414,18.7779932267357,17.4668986126556,20.0189642547822,19.3270646922022,24.4411187227351,20.6535200536115,21.1638008041528,17.7595154043956,20.071239714544,20.5784407187563,17.0892533188398,23.6986000236146,22.6610108917799,18.3100223566598,20.4129746900376,15.8317907382971,26.4233114541304,18.6973113396899,16.5396460419055,18.2406928565743,20.6513103634083,20.348790231213,15.0831409332782,19.4219344929371,20.0361808971253,18.3478498363006,21.4121777403581,17.8521522198752,16.3895886092726,18.8340561074742,18.034853452103,16.3839163925694,17.6826300012599,18.4401182250719,21.4033558491498,20.9046740558578,15.941114986196,15.5275948170687,19.1216136612691,19.4753576425325,18.4660123727301,18.2828179879098,17.0876152648936,19.1926780293732,18.3002898638342,19.2966849052594,18.3208835090398,17.2086929678355,17.4240762865545,19.1191659261775,15.741605422549,14.8752076771708,17.9742476430494,16.946961413642,18.5837118905931
"Mock_24hr_1",0,14.95536319743,14.2569899858971,15.8804054395591,19.8183396983634,19.5827676305017,21.6944735545924,20.0375734570523,18.0078673051732,23.1015813022315,17.6046098988595,19.9571641217418,18.1516172819694,17.59093013234,14.9101084364849,17.577125733906,18.9743572891896,17.9417545565054,17.6862103189404,22.9089252460057,14.8955539643217,20.0892481452834,17.4081770985305,17.4055028704582,18.7718963713507,14.9814691724504,17.5201241008711,15.7925746233805,19.1921394980605,17.1085813356894,22.0641065228603,19.4956477775763,18.6322800847834,15.5294915599199,16.4784852480873,18.4669875111829,16.5663925974404,19.7038256701405,23.6695012319624,17.9445047119131,21.3963362832009,13.5853515685137,25.4655201169043,16.8932321120545,15.5964779225018,18.2336926933746,21.6428957924677,19.5833273134233,15.1853256721089,19.7447261147704,16.7335642950801,19.4152777439219,19.4963041042353,17.4229634481431,14.8943603540138,17.9036480353442,18.202201732177,14.8476320607939,17.0962951307545,18.6955617426052,18.6845478755398,18.5656603685192,14.0109026920422,17.2154449738176,18.1987878599765,16.7335642950801,17.3925871934024,16.7362354325046,17.3798352293881,19.1785555122811,17.783023612708,17.9244763539337,15.2385625467373,13.7873574820545,17.0019965257512,18.5290078005777,14.1847026979734,16.4798984270459,11.7640422173066,16.7098911624111,19.9609447175965
"Mock_24hr_4",0,15.2574520369211,14.9083859186441,16.332697676857,19.684671143362,20.2227107211938,22.1804253737836,19.3229411905339,17.4882922854378,22.5192493069255,18.2296653814712,19.9136541221437,17.3691917698359,17.4705213407767,14.92475380015,17.9752482338748,18.6519762301478,13.3583764803282,18.6107359912171,22.5655423648719,14.9396141376198,18.2422285739571,17.3775782758364,17.5595369230094,19.2298893788691,15.0185802300268,16.7530014246156,13.9204219791743,18.1476721339046,17.1185938064192,21.8880085261187,18.9962460164424,18.5786105614085,16.0435875987636,16.2429858545094,18.5353945053865,16.5905828731864,20.2197588334664,23.7647269504253,17.9250533437443,21.4810800186196,12.9294961958617,25.4769037481874,16.2981224196291,15.7338232515196,17.6324879310813,21.8348324839824,19.0500435013394,15.00506057309,19.5311552601263,17.8283933062343,18.8475220471461,19.6941208150783,17.3940097238786,14.8133746601276,18.1252641237972,17.859904259211,12.9775252590148,17.7243665338422,18.752047843829,18.5019928612536,18.2186498561172,15.8625951574337,17.4363072050994,17.9464995193155,17.1601933308452,17.1524175533704,16.4500352227278,17.4522334254897,19.0825057851408,17.5161018802264,18.6532600521432,15.7464220952433,13.998645831591,16.8601267289585,18.1637844340024,15.6308618948079,15.668917424324,15.8254457865942,16.9253246125798,20.711718124227
"FM_0hr_1",1,17.8443770424076,19.2844340619999,18.7160386665717,19.6261503950393,19.5293948754396,22.7383178210498,21.7031137148713,18.619569276324,22.9333592229819,19.9439922566683,23.8328343385046,18.4350214043887,20.3040699156075,14.6022349013411,21.1596081147902,19.8228557132778,19.3347225857957,18.5259346478785,22.7466722581563,18.1346132516934,21.3232573506992,21.0055984894406,18.9410403171142,23.3965965465678,19.9943345328552,17.4895319420384,18.2545109465543,18.6916010907083,18.7546688851844,24.7111576058311,20.9556619879659,21.2481389791089,17.8881748284647,18.268831367837,20.1071002141338,17.3472906501939,23.9021253604595,23.6720073800484,18.6829535458998,21.232217937287,15.610531372518,26.236250026174,18.4932447578899,16.729007877649,18.6802511947176,21.549096967363,20.2831111606738,14.8476837877168,18.5294270679695,20.8699674384701,20.5648027608141,22.7297538083009,18.5152387160885,15.6507464513377,17.8919587753841,18.3951751240111,14.5261795752496,17.2621999991961,19.5905653304943,22.1113236150633,19.4062076157413,15.965212245702,16.3362156324814,20.1623665649252,18.3600758423388,18.4776436543896,18.0918776304774,17.9560390151823,19.45617161409,18.4349452201416,19.4543870286442,18.3855148164664,17.1517298133831,17.794111029534,17.4412157141709,16.2399277135207,15.2652194523855,18.0522164131242,17.5031420385394,20.9931347719439
"FM_0hr_2",1,18.1536338801044,18.6907137845089,18.9887633695699,19.9724018983988,19.394146132483,22.1130198516,21.9900150820766,19.6672811623477,22.7657369259259,19.6689390834505,24.2855142025625,18.4976063962565,20.7108561253514,15.1299717671694,21.6808190450199,20.2059437926793,19.2182724607314,18.2411529717271,23.1491708059837,18.1289464275035,21.5866100248199,21.5526729836592,19.1433622861497,24.0309916746075,22.423532020807,18.6865506479692,18.4704259206276,20.0668120377932,19.3293485041665,24.9815203345229,21.3216690954868,21.6887508449872,17.4849172754457,19.767861566025,20.4369874837872,17.840931029127,24.3298901080575,23.1117533750357,17.8540404656824,20.6099442325547,16.1141414513899,26.4651250413612,18.9065416875586,16.9742860006767,19.0104483376109,20.8217674434984,20.6701381664225,14.8186734698883,19.2148238986623,21.299705242278,19.7797992650629,22.5509545469211,18.1696931043305,16.1255201371365,18.2796284573065,17.9955720584661,16.3598466071893,18.0273610023708,18.8640102613344,22.3514238328992,20.7141671162912,16.3283723976722,15.8211532731404,17.4123924007101,20.6975978690899,19.4208408495142,18.9818539270232,17.485079057172,19.4491466874516,18.7494437314016,20.0369825629297,18.7550537256466,17.4756646814333,17.6245517199437,17.2394885180663,15.8532225175696,15.7681739843224,18.8517609781336,17.3115965397387,19.8606431807106
"FM_0hr_3",1,17.3882325968956,18.3459891641097,18.608332078262,19.3198632349103,18.3769617224294,21.7315771884306,21.3843837913882,18.1277472375884,21.8626504150048,19.5015618784693,23.6203342914999,17.8045111756752,19.9886605580816,14.3806775072229,20.9138582535646,19.7390011710813,18.7774868647695,18.3892990686952,22.5985736793527,17.6682324683385,21.6770943440631,20.6642044520453,18.565351178416,23.0510666562494,18.8096766296449,18.0817479963347,17.6967811264938,17.5097906863145,18.2443217557466,24.5146916176646,20.5391912737294,20.8127338780871,17.6874116157148,17.2935637640952,19.7677930438045,16.8315896556827,23.5955760225224,22.6260381285006,18.108461157798,20.2762279895954,15.3866593133164,26.0328443114878,18.1587233660815,16.1884326513361,18.4015710873175,20.4472497391713,20.0106589886952,14.6071717669564,18.4456460622952,20.7212007973957,19.8437597205416,22.7831614192932,18.5189068938248,15.3226514750807,18.0633536985425,19.2365095019754,15.3873221096412,18.0591164262975,18.9411953461971,21.5958154751704,19.1340644922862,16.2516303414115,15.8074232081913,19.6090653428676,20.0977978874746,18.4462003719736,17.8317025692118,17.4214602464641,18.9669068475521,18.0391571247799,18.6391020432252,18.263824458005,17.0639887583269,17.7716103181328,16.7199097811924,15.9745003765652,12.0019308880408,17.7683769021981,16.8174665870857,19.0971338064845
"FM_0hr_4",1,18.2009757589489,19.0438571500597,18.5695063116477,20.0503357661841,18.850315661396,21.9806645148602,21.8687201514211,19.7577323700116,22.5060453473524,20.3637113789158,24.2639069331047,18.3962872549202,20.6711968075522,15.1433911864205,21.6610679034959,20.3922136702028,19.8545379688646,19.2998287513424,23.4528531923677,18.246484011678,22.0112688833913,21.4903029687928,19.2560004598827,23.9410894260926,22.4264159983322,18.5809379100612,18.5137093339407,20.0229887876516,19.4012621535017,25.0737883659026,21.5049184689107,21.8085000602122,18.087863399646,19.7580475005131,20.6592740552398,17.6193522928451,24.4585643083913,22.5231461637702,18.271922941755,20.4683248218545,15.9621162105404,26.4719988834202,18.9353239178317,17.0049656643009,19.2035746899175,20.6611809761761,20.9673283977489,15.0192568706171,19.2080297062932,21.2018265711596,19.995507074889,23.1744270337455,18.5700626883522,16.1561101706232,18.2920690455836,18.4076481980896,16.5433965402398,18.0041086766075,18.9567888868408,22.5507155884094,20.2129242359218,16.4644627904314,15.8961931775465,17.1880064801616,18.2164308295448,19.4768481201397,18.9345148398255,17.2063229613925,19.5466725627637,18.725183071317,19.9343162630815,18.6839877557648,17.4701679158318,17.5555524792707,21.0973849390461,15.7244415276383,15.7245778009509,18.6452711201301,17.5327609612549,20.5273383743959
"FM_0hr_5",1,18.5967824154379,19.1967610746994,19.3331514185419,19.4320472942015,19.1959268303858,23.3815470846205,21.7912382486483,18.7963959171706,21.9169248063479,20.2485157743127,24.2077021564389,18.3937284895729,20.5771996424713,15.1226593161867,21.4034742734762,20.1801124271362,19.3915481430641,19.0722891235653,23.4004538315251,18.3441709299118,21.3307703726665,21.2473381357585,18.8966838740173,23.8036310070341,19.4791314912578,17.4508793826495,18.3581990635769,18.0225552905116,19.1069649474978,25.0058256768739,21.3019710445448,21.5779597349663,18.2837405364415,18.5048120062329,20.4263144271721,17.5967893812455,24.2750931890481,23.060544925089,19.2145905709079,21.0268371021164,15.9648372052471,26.3257290296409,18.7776817816281,16.5818760145059,19.1321293114464,21.3230177428977,20.965724506679,14.6435357344363,18.3317223538226,21.2051975684479,19.4694289504842,23.1627849829982,18.8920935815343,15.5376690855661,18.2542360578921,18.3187450416797,15.8052537274577,18.8625166344847,20.0709245224804,22.4097528268012,19.8398409839934,16.4465428710667,16.4303480047586,20.2989050288889,18.5266160384529,18.788027049134,18.3299666012361,18.2624804172022,19.6558110497865,18.4987257972219,19.6569459233055,18.7193608389062,17.4915838182202,18.1784532513356,16.4328424615902,16.843212341197,15.4539650596902,18.1457596092758,17.5065856359113,20.9405571883889
"FM_3hr_1",1,16.2088728331094,15.9487934999106,16.549311964576,20.1495907735134,19.8957882629742,22.6802013206291,19.7695995750902,18.2687603690301,25.503532861632,19.9183291106156,21.7061312068582,17.0646772143412,18.6345639366477,15.4136665683271,19.224149959405,19.5609950832135,16.9320215863793,17.9305410045986,23.2468688168452,13.6693976093196,20.8440619325978,19.3416838708522,18.4662169228204,20.9463673364401,18.9000490374708,19.0268729865853,17.5530918344582,19.6933222382345,18.924644355641,23.325746543105,19.8293740776797,20.2253940646446,19.526764753117,18.7814817505141,20.2673704943765,17.2008233627992,21.6728448623083,22.2283598169056,17.9182325124222,20.1611876047245,14.7184732464743,25.6139078673355,18.7438769068187,15.6592821941794,19.7239239149468,20.3319057874865,19.5492341147366,15.1708024902471,19.5602539240328,18.6365874004487,18.9421848285462,19.3136122755444,17.3432196783203,15.3662304816776,18.1571225967855,17.9638440372999,13.8602168158785,17.9814554750596,18.9696333633117,19.1427012658756,20.5686675801895,15.5685669124048,15.5478249472877,18.6063039937718,14.7685181337711,17.5567889259288,17.6554987795281,16.892703060688,19.0649816366158,18.0035768898689,18.9355450870922,16.2999331707239,14.9367168015691,17.711295544829,24.3843300144388,16.7153108910104,18.5831254874018,16.7745789752589,16.6630569055065,17.9565673855065
"FM_3hr_2",1,16.0714737353834,17.6617502677381,17.3894157565603,18.4377505632854,20.1628835985729,22.2238484931591,19.6310938553657,17.6708281197034,25.1075368462774,19.4859693760038,21.4652203771988,17.2127213679265,18.238577074006,15.3371784550756,18.6872569432155,18.7988033762929,16.8652126825165,18.8914685876505,23.0986873250026,15.2892562673042,18.3358358192896,11.8869050119765,18.614435743471,20.6091670124449,17.380628685074,17.7224564603504,16.827876781417,18.5583747998058,18.2795575993204,23.0754052385852,19.6183542616676,19.9468721382864,17.0109682349053,15.928067561866,19.5670290923908,17.6361684062735,21.4842869393309,22.7678008994201,18.1594252389673,20.6409018861298,14.2648928487441,24.9230067591103,18.0395826412323,15.8495718690463,19.3796016795652,20.8567252298937,19.2701836545149,14.4173307691036,18.3310432593466,19.0145292755288,20.6134275207465,19.4262952957843,17.9945316471989,14.6850757003091,17.7052055858955,17.9016103845206,13.1428045257313,17.1235637110435,18.9205607143458,19.6855417391362,18.1408311968752,15.3710979124115,16.1004417695657,19.191209960391,18.3590927290514,17.54393179914,17.3613828038004,17.1124569610297,19.0984681973533,17.5288323428157,17.9603371792749,16.2485926065139,15.169353508393,18.8349186657931,18.2527489730313,16.7419450619388,18.1895861872546,16.3147516460447,17.1468541706091,19.06156760709
"FM_3hr_3",1,15.6959459799076,16.0562070677576,15.944321193331,19.9699937530226,19.4475004094826,21.2183102892724,19.5353749226531,17.2846885701513,23.3801806803922,18.4405506931287,21.0219161455687,17.1154701533502,18.1751747050106,14.9168685930791,18.3582689082537,18.5625865636967,15.997790641658,18.1916921170454,22.1624618325975,14.0290505382643,19.8713424343091,17.8983888928585,17.603817356441,19.935742178529,16.4651400048209,17.3458898996091,16.0234375473033,18.1591712299835,17.2712517129762,22.625427943749,19.0003625527559,18.9052698068485,19.4961398415137,16.4855234150543,18.7779123454523,16.8704882274785,20.6512129728533,22.3099189743295,17.4781827599688,20.196948229333,13.6372814772096,25.4249837383502,17.3573217543291,15.5108146888605,18.0622678362549,20.3373945783048,19.0445930872549,14.7789380649016,19.4326886939258,17.8293962444229,19.1116172519126,19.6883001741511,17.3188494248369,15.2790498340373,17.7638783227096,17.7352513380981,13.3527095070892,17.0896603247256,18.2518679234997,19.5855388321764,18.6180843357687,15.2138918526747,15.7234979204179,18.1753468230822,17.0836716423415,17.4679395947111,16.7755353279041,16.3614253981109,18.9668957459902,17.6285267065381,18.3659957560323,16.0127741675084,14.907891225747,17.2794338812564,18.0527014660141,15.5854261831502,16.6609493272993,16.1138741109074,17.0306714463954,18.032216727874
"FM_3hr_4",1,16.0101746567246,15.890296174348,17.1655006526169,17.0556964147042,17.5287373039005,21.3897479099428,19.5518416479398,17.1829485161239,23.3507091829353,16.6513460543742,21.2178266729977,16.3910143375932,18.2456285698808,14.8195993018787,18.0008849966764,17.9149511805606,14.8680136362294,17.6565946474707,21.9943593565678,14.5512310372661,19.4522254377379,17.2976384626686,16.7951786731906,19.6925601425564,17.1416269586904,16.8352477870283,15.7841002941427,17.0767097402193,16.3792439397696,22.2410846973259,18.4243135855382,18.6741980819704,19.398523084454,16.9225928080766,16.2468588039188,16.7525262533948,20.9279205999813,22.4415414444234,16.8056424026422,20.2952080904347,14.7453987709874,23.9923551439364,17.6140120121619,14.7697493100681,16.7241594241695,20.3493692010612,19.6278601015274,12.8789157886679,18.0658705510081,18.2322595017407,20.2553472705039,18.7671545319387,17.2655182513358,14.491786899905,16.5353326638863,17.8364591768451,14.7453987709874,17.4981244008101,18.4291373459133,17.4204029603394,17.3272473723197,15.3040762517506,15.6061639280346,19.7546831905303,16.7901630132863,17.4494793911562,16.6921207939574,16.687743559582,18.8954778246958,17.3677523434077,18.5121858955414,16.3705643296389,14.7708260971829,17.2354292925122,17.468513362003,15.5904408550241,15.3633535571987,16.2185735065774,17.6415105081473,16.248217205528
"FM_3hr_5",1,16.2172458654086,17.4135771678938,16.2782819513627,19.353111864554,19.5325326940312,23.4983345819919,19.9046970692813,18.036475215926,23.8599064979087,18.5161022100283,21.5200624601449,17.6497325269247,18.3260795754317,15.4608539964034,18.7486181663355,18.4209359281613,16.3089311597044,17.9248486157532,22.4085910851576,14.9784193577043,19.5599857036738,18.1176507818218,18.067512540159,20.6119594425541,17.1899681968864,17.4163405408612,16.3104824422618,18.6583997863567,17.5125169422427,22.5836019581718,19.2120805903046,19.281432410977,15.6193357108936,16.665060657872,18.7108816552705,17.4856114614325,21.0695663655562,22.9742371031869,17.7933629008237,20.5963330818226,15.2993216198733,26.4137775255564,17.3844250642474,15.9896348939845,16.4640734533197,20.792287011737,19.0525163492194,14.655358218325,18.9207004334083,18.5831416513183,20.0177990998538,18.3735064279833,17.6815929540902,15.0240537702303,17.6204839314168,17.8893347052535,13.396356309613,16.8524546162069,19.8090882966279,19.2655760674268,18.5032028346709,15.5131001394324,15.7820760527587,18.7776902195555,17.7401364939277,17.5094094163597,17.1418132109242,16.9636037815664,19.2725686058596,17.496327513467,18.6362510616699,16.4407046679696,15.2174482001328,17.2923709378817,18.0053756435322,17.8277609107901,16.7531130086441,16.5791264956888,17.0217902108264,19.0056521155957
"FM_7hr_1",1,17.4814291623134,19.3510983384461,17.4034483871438,19.8481253145529,19.8477286978417,23.7821700842731,21.2057418833456,18.8293744759785,25.4302864589875,20.5275703834619,23.1936456914106,18.6567440648835,19.5918577469241,15.0811469540683,20.5681301796922,20.1220094018889,18.4812479340411,18.4025519750646,24.0739843550474,16.7394419677657,21.8346853534709,19.9884814620491,19.5891722536441,22.3087537937259,21.1018534757184,19.1652594197274,18.4588409564971,20.4327297292228,19.6826375444349,23.9161657856797,21.0819378047337,21.3088663278068,18.1107780736103,19.5165390941005,20.6514953410169,16.6715379072196,23.39119616346,23.2942083087594,18.5546738530873,20.9771473553223,15.4002342789168,24.6035253966753,19.8927546363078,16.4871746149151,18.5538638875137,21.264478190091,20.2723238634455,14.6305304138942,18.82382391016,20.0174582246577,20.0138048203308,20.844503452717,18.1681828346637,15.705706433188,18.1272396982549,18.0802856189367,14.2399777767815,18.6916182258009,20.0610909898081,21.2194938568905,20.0470344227015,15.4539880179316,16.0411414885074,19.6906506073645,17.9122910845597,18.1712375437424,18.1116713173527,17.7160778168038,19.3926425311328,18.2577736221586,19.422506140568,17.7853594141373,16.5496484593525,17.9117591159337,18.9783871161804,17.6441262675778,17.3223743393912,17.8491423911951,17.1694337659432,19.792190447516
"FM_7hr_2",1,18.0461568889881,18.4469294694422,18.0312775098394,20.125731898141,19.4557497084021,24.0451200670311,21.3686294099867,18.7069123229714,24.077847769373,19.5105103730413,23.4173847827224,18.6790268298389,19.8786413373858,15.2084183637752,20.747641243894,19.820252298931,18.8877134379077,19.4689974996024,24.0146081474664,16.5225268003948,21.6049523118309,20.0764398841302,19.2369556759054,22.4752682540445,20.761127555331,18.7383546866884,18.1249384192246,19.2777611555352,19.4946051692038,24.0821174816972,20.0482298957978,21.0127849215362,17.8027550733849,19.5890360025198,20.268859492044,17.1746994636618,23.5472424133955,23.5273082560988,18.6570094468645,21.1945815924556,15.4437243002932,25.5023454311823,19.998179058849,16.7680316140614,17.4854602963748,21.5550780231088,20.1147069528979,15.2348313278403,19.617264721646,19.9695882773886,19.535235719089,20.8382781595988,18.0310169862712,15.9539028174854,18.1962895300244,18.2574157304571,14.9521900184658,18.8856602039394,20.2460185995532,21.0611895402878,20.5234562037281,16.5564744072081,17.0108206035451,19.5331316006292,18.5568191767745,18.2857454963414,18.2516867360321,17.4835906534344,19.334545401274,18.3768759916915,19.2330342066431,17.9161698767811,16.7304299535555,17.6544202604884,18.3478132638983,16.5666202412088,16.8562896932516,18.101174768421,17.5336250052496,21.0004591694427
"FM_7hr_3",1,17.8061034577359,18.9589335183662,17.5952277137538,19.8572610191217,19.6502744438894,23.5250411455924,21.3332277895939,18.8257021120964,23.5046427660365,20.2091880882899,23.4039631513751,18.5649119298277,19.7973566052628,15.2826530556619,20.6178503505485,19.7864096656249,18.8330895919587,18.7899104800902,23.9038850342838,16.8676227953018,22.1065692203385,19.961652661867,19.0842281127658,22.4817816833396,20.5914211217506,18.3121704903601,17.9910162523369,18.4712844166115,19.3251301224286,23.9830297708102,20.8652332047859,21.1290888511516,17.9953068993924,19.277025743066,20.4041408869975,17.0292835285475,23.5753500671119,23.4703014389489,18.8075831284054,21.3645285568842,15.2550833822607,25.4574393117911,20.1395156665283,16.7437843079201,18.2958808847399,21.6846806325657,20.1075071432543,14.9411563652847,19.0587817791631,19.9559803723669,20.100414892209,22.0416493936937,18.2621580435816,15.9953539089531,17.9784128139072,18.3764670059684,15.9420084628346,18.4886563150454,19.8262391473023,21.5217116398263,19.6520236623343,16.0375518563802,16.3914167032849,19.4160566326421,18.0625245847767,18.1345708542336,17.8608902120717,17.4937609811067,19.4419406781487,18.1638713179942,19.3970113228158,17.7983072507689,16.6720468279742,17.5031362690817,17.2102538672375,16.8369861939719,16.1517731254967,17.9915556937197,17.1006608721249,21.1878791597188
"FM_7hr_4",1,17.8316340092396,18.1158818755296,17.3980734754042,20.1389754806656,19.922724589303,23.5014579065597,21.1827082083238,18.9468919183497,23.1787672531183,20.2817274506005,23.4485801898948,18.425687629663,19.8420586276446,15.1570468690701,20.7011461629124,19.9368504876789,19.0305663828586,18.7618511567626,23.9441098286794,16.2632398531449,22.2078777382331,20.1174368902591,18.9880957363206,22.4062571608782,20.4729015820688,18.4639002922022,17.4947599545952,18.3344924038179,19.3913028747559,24.152351314651,20.9422113018592,21.214663202129,17.471897670404,19.4251657829162,20.492597990196,16.5488631828028,23.6346883758709,23.2453295731463,18.3819699279068,21.0393244164257,15.1169553986891,26.6611599461724,20.0337278685689,16.6123510761492,18.1982429017838,21.2378160576678,17.0302015644059,15.1313379450757,19.4732601717606,19.761826490016,19.0142377621255,21.2668693330009,17.9911576974371,16.1702106630951,18.0687925204778,18.1030193273944,15.7461828807244,18.6063187638631,19.9156817217754,21.1648351486175,20.397347044822,16.1461680355853,16.8527673986583,19.1406668925879,18.3554703164604,18.3515487154362,17.8776056139838,17.5022000338155,19.1561497527683,18.2984408204813,19.6300339644139,17.7520268364448,16.6349483619483,17.43536726479,17.8698901975715,16.2456890454129,16.0609286912232,17.6908994518909,17.0897537104564,19.0598066072685
"FM_7hr_5",1,16.8317790774208,16.7911668868481,16.1209107142035,20.0932004912671,19.0623371857285,21.3499064845773,22.3264681022034,18.5971435694394,22.12168097446,19.8232525167339,22.8963556245874,17.5683156099363,19.1146144063373,14.9739317838586,19.9799564308998,19.7119728889429,18.3500624556176,17.4703837943804,23.4887650407483,14.6280825747701,22.0339449576649,19.3825108894519,17.1310215064539,21.1193766308369,17.2743412308544,17.2499737074309,11.835294760366,17.5141852376657,18.537041879785,23.6229552513362,20.2738966857924,20.5394272529289,15.9767661172325,18.0656454295657,20.0542740745527,15.7422801089351,23.0623343997265,23.1941716694587,17.7858966734638,21.1347888273606,14.6832562584892,26.0826112909778,20.0831096127321,16.0521330942643,17.8280464970788,21.2937747393372,19.7701110638601,14.1767675437204,19.2900773616066,19.2331137411896,18.9606163583145,19.7609694759754,17.8638231238497,15.6374262367933,17.9317420118145,18.0030461619233,14.1767675437204,18.393615023069,19.1433560219396,20.0519715499302,20.5072738182334,15.7436908911059,15.2201936818271,18.5089725770149,18.8526920829264,18.5196665250591,17.2485394000993,16.9992872059873,18.219603006679,18.0134231584428,19.2559680017057,17.3433153649323,15.4346449806923,17.5057001460143,20.6908686227996,19.5759933097036,15.7991168019595,17.1753423676294,16.793936005159,18.8357896069607
"FM_12hr_1",1,19.0524910282803,19.5245120914838,17.7408242877938,20.2115745121723,20.0610212794348,22.9430489653214,22.2609202716895,19.6016271213594,23.3677329824021,21.6878961299671,24.5064976289993,18.6874811350327,20.956913597683,16.5670558922194,21.9666932402579,21.3563238648245,20.1951467338377,18.8297430829126,25.1406757312195,18.1825355465282,23.7294475477218,21.355144358311,19.482783539839,23.9504998957537,22.6212641720463,19.6972939813754,19.4921464158711,20.6355706840686,20.7276837305271,25.2212258435581,22.2378263170305,22.5461178051011,19.1974799987039,21.0379376037175,21.933151522217,17.7606599946014,24.9605352640378,22.5538639078047,18.4280594941606,20.3547145468644,16.7011803519573,25.4000389239045,21.0896311034656,17.1085852171056,19.2229442552439,20.6194642172506,21.3866650715025,14.9847159799674,19.2023888319373,21.3573811767049,19.250501985818,23.0127289152672,18.5569375020438,16.2702369165835,18.4682434426879,18.486832777561,17.0642360265841,18.5386909474604,19.6569038385133,23.1438299758679,20.7785110985626,16.1637838723691,15.9380417015213,19.3828128902885,18.9378408608457,19.8739355282191,18.6870976638369,18.4786563290772,19.731824955823,18.9569133952538,20.2222627472729,18.5369168178586,17.4404110708375,18.7602926140785,21.9515602033404,15.8588538214598,15.9494567682761,19.4879064118245,17.7196120855381,19.1996098406423
"FM_12hr_2",1,18.2479044734065,18.8790986702153,19.3710017411413,19.6342454118123,18.8500794612816,22.3866088277739,22.0505431015564,19.1367685909313,23.0640690052035,21.4886546903537,24.2690300108013,17.8892659438953,20.7295556671757,16.3003351945759,21.4338869200476,21.1667586561669,19.9349830117324,18.0318011845974,25.0320306363746,18.2829679096276,23.5047108860786,21.1673426418763,19.6026669204649,23.5913378767126,19.4335819483824,18.3814762020134,19.229639365538,18.8996449510597,20.3729560385004,25.0012359272517,22.0663668471926,22.3082462656744,19.2160372178698,19.82201161524,21.7128742131929,17.2487064250116,24.7341757839561,22.4403328239185,17.5717113843355,20.2262315435358,16.3536179762002,26.2256406242283,20.9369540811754,16.8217688507172,18.9882383396998,20.4002843496291,21.030635579507,14.5160922042572,18.0999237978669,21.4902570606362,20.7546840062969,22.6175433586257,18.5447681620051,15.6058176306339,17.9962561059507,19.9987158684899,16.3301601088743,18.2866804836485,19.2687993272424,22.2907552754473,19.7983326577743,15.814603207252,16.0716951872148,20.598768631571,20.9175704624843,19.5339161990607,18.6625087421949,17.8081816843118,19.5282700818852,18.4115855827584,19.7987662270519,18.3025046746359,17.1728535638828,18.8196840766716,17.0902743115305,16.5417076948034,15.7157827757827,18.7328760588285,17.2599108359758,18.1145095446774
"FM_12hr_3",1,18.9201353274287,18.0152059509962,17.5237415551115,20.3017135237605,18.7488644631882,22.3233594673313,21.8471615605779,19.749090837595,23.0064076209952,20.4550596393907,24.240219141349,18.1942768892296,20.7417753693681,16.2462835878982,21.5551330448739,21.2766195877099,20.0853653464679,19.1938617892139,24.9503532586039,17.3353115895042,22.3106077975926,21.1282622587539,19.4117787305798,23.5977632572606,22.1259382415497,19.4933898039087,19.2838139014344,20.5340423630403,20.4453955313102,24.9675551617443,21.8662319129969,22.2289559660017,18.0141640377723,20.8539611927645,21.301748189789,17.4272955380097,24.6804475925772,22.4142770667954,18.8494861735982,20.3576426029721,16.4172963877837,26.5518515939758,20.8670722845239,16.9128577110347,18.913770390864,20.7004045921885,20.8903585458054,15.0000566055619,19.6493543772773,21.1952011746262,19.6574811005792,22.7473646773769,17.9701224257057,16.5272692860286,18.3720593954893,18.3298822855558,16.8733280676508,18.3296617146449,19.2241035167423,22.4038990729971,21.1084099257048,16.4791098887497,15.9482472802133,20.10322131534,18.8303534756031,18.6169529657699,19.4356819447415,15.2020396233394,19.549571648268,18.8163656715488,20.0740136004029,18.252237755401,17.143284979066,17.7503813684095,17.3840879778461,15.8274454950751,15.6949641170163,19.3334310467366,17.3730080968197,19.9165821068502
"FM_12hr_4",1,19.5074644441071,17.601667793109,18.2347379235592,20.5073699778643,18.6131111306095,21.9273834295331,21.9319051212783,19.130050222318,22.5086116764051,20.6243866142944,24.4348203092507,18.0270198330378,20.9439541887895,16.451496770337,21.8161868629388,21.2878687969702,20.2497259941016,18.5389942159112,25.0105089483292,17.0017776177718,22.7294715739992,21.3555803710422,18.935823432903,23.8825869719003,21.9941299322062,19.7506503075027,19.3247709189731,20.3940499294768,20.5587360618674,25.1777442982085,20.893811490774,22.0465279914864,18.5805188395027,21.1416706655788,21.2748818790666,17.4038560951678,24.9040115484023,22.3347791906274,16.9209808270531,20.4064460930329,16.5359826279643,25.3632135637295,21.0115419184904,16.7718103584036,19.2041939375019,20.7227073695298,21.548574345357,15.2335768813146,19.6009211164774,21.1079901019119,18.4969108280784,22.7154027746122,17.9571731523428,17.477284402008,18.355753209261,18.356323250493,16.7186922580433,18.0449895692532,18.8943866621498,22.3470541053352,21.8001978943301,16.2501900129352,16.9365354113129,20.0302116884194,18.5723202105286,18.9512724354418,19.5959299555044,15.0440927946614,19.4522358963238,19.006816320086,19.9798193450986,18.5112572819037,17.450071825854,17.6002947874313,21.1112977678918,15.4066150195276,15.8525929038859,19.586827853089,17.4231245879304,19.8249638887632
"FM_12hr_5",1,19.3106071396867,17.6824495368813,18.1731527315331,20.5020237564088,18.9549662017465,22.119481835985,21.8832254921174,19.1909163738349,22.3486809078354,21.7164605887997,24.4593375854657,18.0479140086792,20.99688182049,16.5306318929807,21.8620201886508,21.7116803314165,20.2469561308834,18.3455187325083,25.1814878394193,16.7871282405306,23.7701703863518,21.4463698861904,19.0582915933782,23.7923468731159,21.9749421938074,19.6916671468934,19.5248581356715,20.387209370321,20.7081151605679,25.2675106194461,22.2392920153561,22.5238390910542,18.3928485309194,21.1315733268169,21.9802624063346,17.1418930200506,24.9476121258127,22.7420873064538,18.1030563674242,20.4318812027068,16.6182043997404,26.6147352299351,21.1861811834597,17.7137163714056,19.3958235629357,20.8029414913532,21.6191959194146,15.2367381775516,19.615590126674,21.1580207996348,18.558536131206,22.333392250729,18.4858833164015,16.82227419807,18.4939466735099,20.1298963250541,17.0125846357234,17.5701934883384,19.2065971464426,22.2871183450861,21.934974283884,16.5463285095798,15.6758625467155,19.8707204227684,18.4424349132169,19.3737794960506,19.2917617592319,19.0723136505528,19.6289609404085,18.9780799049161,19.9076559688361,18.4600926810407,17.4031266558057,18.2472466139714,20.9588962271915,15.663017977274,15.655874074516,19.4111605426684,17.5394825365976,19.6326430603952
"FM_18hr_1",1,16.3386115438415,14.7569494064943,15.9298844974363,19.7430251317286,18.5773353560222,21.3403043234679,19.5095640017825,18.2347110635129,21.4462289936394,18.178627618604,20.7731451876121,16.808158695423,18.053998283254,14.6547910245622,18.556182491588,18.6865431250553,15.0017650540932,18.2784826461953,21.9732829193121,13.7313554013329,19.3681035021082,17.665149345284,16.9816249337025,20.4654877454077,15.12743360889,16.3444306588765,15.7896486252718,17.8250766120599,17.012658206521,22.4084211604646,18.9201747972349,18.7502898566623,15.9307050022066,16.4075200544609,18.5090276035912,16.3332307384183,20.8787996267195,22.6740765092839,17.7788194783119,20.6060755283018,13.8609206868987,25.7215434021977,17.1125026314539,15.4059691453367,15.9673163343857,20.7495747176263,19.0060912294183,14.4973707155911,19.3146078989985,17.2738455415053,18.77705731284,19.4475113059493,17.7539617413539,15.3229954313149,17.6645625599875,17.7532141371129,14.4973707155911,17.5503291594052,18.083172846741,19.3629703689451,18.8456569193702,15.2844564614119,15.4230568036224,17.4387454496781,17.2738455415053,17.2356905230451,16.6790767194105,16.7176829246568,19.1028261336153,17.4673983531554,18.1991173111408,16.512356885201,15.2827471572039,16.6184137713937,16.0976459476776,15.0274432351875,13.6201936374676,17.0979512797796,16.3488768138616,18.3647107978654
"FM_18hr_2",1,16.7012155554974,14.5332341195615,15.9551782978651,19.9223880770184,18.1142780082436,21.5656555878818,20.1338242498279,18.0632044087866,21.5450935410399,18.4994090340974,21.436349212731,17.0920214747272,18.6472325460358,12.8884605956549,19.2097905875465,18.7174866154518,16.1823655312248,17.4923789830377,22.0947632914789,13.676060961002,20.4181884827622,18.5452342750089,17.4108788478889,20.8376067066315,16.4713164009822,17.1472540525871,10.762880292917,18.3183473592827,17.5590695394478,23.2107200806153,19.0436211619683,19.1938435055701,15.2744010344441,17.4204203493432,18.8819495286443,16.5317334749107,21.3861078437335,23.0382730481449,17.8460085310444,20.5993269688016,14.3400527486556,26.0788809415811,17.8051000278501,15.4737152718779,16.4602584135904,20.7660779821864,19.1885115094203,15.0904338231816,19.5556398843055,18.6909560439302,17.8402076737488,21.0110771737108,17.7656847650587,15.670713936682,17.8647459607545,17.988866609654,14.7046926017801,16.9474223439328,18.6102128017325,19.3119857642217,19.5457025529235,14.0672950979973,15.4941778901263,18.0944235392796,16.3093611391632,17.6098010165429,16.8335004005026,16.98094538476,18.7099190407141,17.7649469143963,15.4535985989014,17.3973074380814,16.1002282075034,16.6386860008422,20.1829254526015,14.8716288906348,14.3707496714024,17.6183385896728,16.5286001834157,18.3767891661469
"FM_18hr_3",1,17.4660309278466,17.0899162341303,16.9469571714505,19.5334270768652,19.0189344193736,22.159335746188,21.0901374393799,18.5984409614879,21.4455981187433,18.4846063561694,21.7656736899187,18.0876994606492,18.7657979627992,13.0396779480632,19.8710194688035,18.6722715208193,16.3969176994573,18.7411645813373,22.1308126665699,16.1189555525103,19.4955614566766,18.3762377590419,18.4501136066207,21.3968349232235,17.010410090983,17.0048844420366,15.535861161449,17.1650511035588,17.48024857533,23.0176967151092,18.9710401335357,19.198909169744,16.4583768589466,17.0891977411319,18.8303593120029,17.0662420870438,21.5809200395552,23.1323336800492,18.1694346047089,20.5738149021735,14.5586974446418,25.9344554904348,17.8745150317253,16.2791719002667,16.7827942293445,20.8881130631713,19.0363382984929,14.4592102061075,19.0048230102054,19.3949963023514,19.6184322080877,21.7555751115208,18.1973521919015,15.3999702246221,17.7184929325027,17.8275243552829,14.4592102061075,17.9601062002701,18.957920006023,20.3922334985697,18.1634702600284,15.805705012053,16.2831038599585,18.5061356518152,18.4541898039794,17.5608658984206,16.9891686020125,17.062621098931,19.1217038451508,17.5796360375984,18.2075065443432,17.9026133363006,16.5877967669274,17.6362268829717,16.8950142830247,15.8208178939693,14.0265185026986,18.6565175388903,17.1622179388263,19.2677892689273
"FM_18hr_4",1,16.9402077244997,17.1437584395008,17.4367103800633,18.4161526164748,18.5411880343251,21.5678903497645,20.6646176155164,17.1791046235224,20.9287888703989,17.7123233661986,21.2939102681185,17.4711557903693,18.2483081528407,15.1204296075155,19.2547690380439,18.2129395327225,15.6750095280338,18.8130754148748,21.7308168608183,15.6274972435318,20.0495056307119,18.0009582797769,17.1665212232927,20.3694444473379,17.6164030736058,17.0439835667384,13.3525164145237,17.8546089272663,16.0350641756704,22.5815709702983,18.4836721834104,18.5181679435256,19.773250946852,17.0903232588046,18.0857274819939,16.5127832232102,20.8797892046174,22.7684237098144,17.5085517433824,20.4624122621077,13.6452885131459,25.3092117655863,17.4568003751129,14.8842468501601,16.6294964853845,20.6791846215653,19.0025142187304,14.2893890528998,17.8212251808492,18.9325468793405,20.0315429483947,20.2214248830528,18.0817706658856,14.8536061405794,17.473091224989,18.3718776247781,14.2618346800897,17.628483987949,18.522996870754,19.8056066430492,17.5259876114046,15.5291481510436,15.4574789047411,18.3361808815277,16.3858744346748,17.5821360998177,16.6153562236846,17.2938408458464,19.0322333350066,17.2439262539148,18.5015157852864,17.4652739518719,16.1962722377111,17.3420506026198,15.7715941070059,16.2233515438973,15.4113713561905,17.9832384175868,17.307049826037,19.7696369297014
"FM_18hr_5",1,16.7644273430221,15.4830518779668,17.0423883792528,20.0450878722139,18.442284710591,21.1028825974291,20.2139410319653,17.9174460078942,20.9354301288964,17.9276243776828,20.7794325582697,18.1223388016667,18.0741354879309,15.1591355571353,19.0034043422891,18.5176995917079,15.6124851357736,17.9068974721098,21.7075116645511,14.692987490896,19.1837642015546,17.540612162938,17.6369191105156,20.2955284809016,14.7972895148433,16.859820829943,16.1067543085427,16.1131566964199,16.7765277653149,22.2616775210724,18.3495225150579,18.4354940054563,19.8864375160272,15.8068725149799,18.2494170603939,16.5559872063626,20.5580124852475,22.5979914299752,17.6050274063022,20.5256166614927,15.3573516112492,25.5797042469446,17.2422198001018,15.9173171956938,13.2983080986197,20.7638970514212,18.8076743110418,14.9623563908781,19.3371415143745,18.3729666928037,19.414904742308,20.3824068514037,18.2568495784227,15.433726075221,17.6432679624245,17.5434865190433,14.4899769457056,17.5730509704581,18.0896338741973,20.0609948264096,17.8801842814334,14.6599831545491,16.8932500587912,17.5209299352565,17.4044181389303,17.290581775804,16.604067102955,16.8065985278443,19.2427040804199,17.5018791592552,18.448090833165,17.1802086027555,15.96081970861,16.7396758985315,15.7542089921015,15.7657130653427,13.5734071242241,18.1188879310517,16.5983894497937,18.414351135027
"FM_24hr_1",1,14.080712856819,13.452130905053,15.5956232278008,19.7381810131491,17.443354997463,20.9982832601098,19.6225429033766,17.2516657371518,22.8089067830452,17.9237098247354,18.8254354047233,16.3813391936358,17.010534661987,14.9496831569203,16.7981321916479,19.0402355895108,12.5258493559993,17.7747012188284,22.5797161769364,14.5765574237098,18.2993248135451,17.1817225399306,16.4433057343028,18.5767961149977,13.2995678300339,16.1030079078505,14.3892154493076,18.7761145472571,16.6672767069508,21.8877439789095,19.431716724349,18.3739309357053,19.2775354534989,16.4760094247162,18.3972826051486,15.3099239291449,19.1317999871637,21.9483522585721,17.1802419082249,20.1233236983282,14.7691920307791,25.1675226255706,16.3220241975069,15.1359374195129,17.8797338299888,20.1949870247591,19.1931737933387,15.1710214997672,19.5827448481161,16.9965500934618,18.5707791365407,18.6693333436893,16.9628979410663,14.5498241959512,17.7426994664779,17.9242108905654,14.8161793950494,17.3885346038226,18.0442442273535,17.5178541155103,18.5022133558993,14.24377965581,15.6674869970778,17.8265942373666,16.9965500934618,17.2737797313388,16.3865356668174,16.2848060302838,18.7920729906878,17.632437011545,17.5488784454608,14.9727785434375,13.9965768878822,16.0980790938062,16.9342526161772,14.9394755839163,16.213121039908,15.9929832110794,16.3188509371485,18.3311845032183
"FM_24hr_2",1,14.9069295069923,15.7390004231022,16.2292165724371,20.2256563802099,18.5939680562542,20.7858495457796,19.2527921271722,17.5284482241639,22.9247037688321,17.5789420812898,19.2940669610142,16.4900266559465,17.4395303837264,15.0742895134487,17.1376153033896,18.5147718335095,13.1033346483529,16.7195248079005,22.2127796860152,14.0354226266051,18.0696390169549,17.12678999353,16.8352781921716,18.8104612689429,16.1495910249021,16.4267098178508,14.8798692682952,18.0343236674961,17.0266768849646,22.3579568786542,18.8333721842697,18.3917655051533,15.5679153437128,16.1871288994904,18.2803368444633,15.8281180620393,19.5545351076409,22.3826587242271,17.4106673627819,20.3298717141687,14.8905823672763,25.3214785055318,17.2276795957397,15.2856625504113,18.332644380044,20.5005409308364,18.8970741835966,15.2748960126377,19.612747319544,13.2187016093148,18.9675943266762,19.4616341162392,17.0250638430314,15.1906327164808,17.7644273430221,17.9235335899697,14.9630999220312,17.4967800097621,18.0461929811623,18.1597203070812,18.7574061016217,14.8147483888239,15.7792613329409,18.1893516374584,16.9221344604904,17.38530776656,16.5391748259158,16.4195487668202,18.9100227100172,17.5655632623361,17.8857697304345,15.5357882767218,14.2103169314391,16.8199135482949,16.7843273877444,14.8562810072513,16.5439466828279,16.424181344652,16.6887178605545,17.6028121408347
"FM_24hr_3",1,11.0336196475676,14.1756186048323,15.5378942668836,18.1859312372782,17.6993995186422,21.2836470807538,18.6388762643151,17.312880929683,22.2837418764211,17.3608965508349,17.8792367349337,16.4234901952466,16.5769031150222,15.2315458374299,16.4700914083821,18.0357667237666,14.5342299189589,17.6353567779083,21.4521510762127,13.4602949869068,16.121735856023,15.7719654354635,15.8926268368635,17.8390853073404,16.1296336191019,16.6547491453544,13.6998481764502,16.7238014811553,15.8824792959965,21.1509048190317,18.1573317080082,17.5263540453593,15.6936821848258,16.2357741514117,17.7014731732302,15.7401000969137,18.4896008182558,21.9955317200647,17.7104816771138,19.9998719208986,15.1853766490255,24.4936130703003,16.7310947288768,15.5955420874551,17.2741438591787,20.1306203679938,18.4545893900838,14.3709306115876,18.6076000919323,15.7094084992805,19.7601039681367,18.7919839045455,17.5309764727498,14.186881379806,17.3968360124244,17.7345901771551,13.9971870428914,17.389703113469,18.3973082742235,18.3175586049643,17.6107593654895,15.3767998228242,17.0339434411106,17.3422820622121,15.7094084992805,16.3113606106293,16.15659044552,16.3855812588175,18.9251461737635,17.2423341226473,17.8195905320097,15.2542725761496,13.9097564992999,16.3119641680256,17.3261417884599,19.1472194077777,15.6008993446648,16.1302102806274,16.824306011233,19.4033604708174
"FM_24hr_4",1,14.3720896479844,15.5675242462891,15.9639705473443,17.9750644259017,17.1087015045915,20.9526143875057,18.9175459052134,17.4877135483609,22.3342593631189,17.4984490059879,18.0336437655773,15.9638379103348,16.3359141816653,14.1646605503851,16.2323272329034,18.301947910476,13.7222220420695,17.0854996904546,21.8697676165846,13.961577123183,18.3634535399519,16.2858676426416,16.6517496548289,16.9969412471904,11.2395985292491,16.7952387374447,14.0669564888893,17.6547806550642,16.0525910960008,20.9866075278226,18.5125167215704,17.8569975659318,16.746382840501,16.352726289995,17.5122997805726,15.9728819120082,18.9213462705424,22.4215563480122,17.0533522934868,20.2019279065799,11.7127971885659,24.7268185718358,16.2872975450899,14.9304724982571,16.9542333169216,20.2308787817873,18.6803923932721,13.8450671489679,19.1377107813521,15.7951975205392,18.8713729478044,19.1602253436332,16.8937924505117,14.0763336639352,17.7290590728344,18.0691230549829,13.8450671489679,16.6239165898517,17.7923483879301,16.1972128528818,17.6044835263803,14.2747961990332,15.4581511636828,17.4617500639155,15.7951975205392,17.0467561785088,15.9355117083669,16.4253690644621,18.8034633025239,17.3356961508454,17.5599723714491,15.8144501432848,14.4023173749132,16.1309945115655,17.650434735374,15.1762666656341,14.6911483997663,16.3540781471511,16.2470098595554,16.8491167286081
"FM_24hr_5",1,15.233524493118,15.7561992324917,15.9896641828596,17.9621078162719,17.802123240147,21.0329009526579,18.4810164381515,16.4897655470783,20.9711195437962,17.1621074876069,17.6874536013012,16.4838328680808,16.4318510711875,14.4318990115981,16.0413028580412,17.9086249933858,15.6076432131555,16.8607021493478,21.9023134495589,14.2187264421564,15.9418958392014,15.193891620021,15.9935910975687,18.005586174469,16.2112849670266,15.9621788655292,14.7632638468394,16.7140323488248,15.838524411745,20.8607412234423,18.1843278710062,17.5341441388101,19.1944526522091,16.3474133020706,17.602600492535,14.8289935593197,18.5969424196513,22.3515930183142,16.9179750528038,20.1629408318648,12.6574396793332,24.3814674185114,16.6000323535579,15.3110072530599,12.7211785494948,20.2578759353855,18.4112532463593,14.2114320582988,18.5216446909705,16.7087001966621,19.5757774260742,18.8828130943675,17.6239188354352,14.292469543166,16.5413585383034,17.7649817060366,13.7546370125299,17.1346543595613,17.9667843247006,17.2457168950158,16.3180454307298,14.6129227850406,15.7590180309758,17.4305505575105,16.4404995679609,17.2398488862277,15.4716607003751,16.229269998789,18.9103770519258,16.879849190889,16.7739225397304,15.1267966429334,13.6256044847293,15.96107755146,20.3100612942589,17.8848123916935,13.0887551186159,15.8642587032696,16.556774602003,18.3968570321788
